,compound,neg,neu,pos,source,time,tweet
0,0.0,0.0,1.0,0.0,CNN,2020-05-18 17:50:06+00:00,"""The contrast of Obama's sharp critique and Trump's vigorous efforts to reshape the narrative about his admin's res‚Ä¶ https://t.co/UfT5Tj3wGM"
1,0.3182,0.0,0.901,0.099,CNN,2020-05-18 17:40:05+00:00,Federal Reserve Chairman Jerome Powell says he is optimistic that the US economy will start to heal in the second h‚Ä¶ https://t.co/NnUIEbQ9eG
2,-0.836,0.273,0.727,0.0,CNN,2020-05-18 17:30:08+00:00,The FBI found a link between al Qaeda and the Saudi military trainee who killed three US sailors in a terror attack‚Ä¶ https://t.co/Yn5w4fXqkq
3,0.4215,0.0,0.872,0.128,CNN,2020-05-18 17:20:07+00:00,"A powerful cyclone that formed in the Bay of Bengal is headed directly for the India-Bangladesh border, bringing wi‚Ä¶ https://t.co/eFJfBEO2A2"
4,-0.2023,0.083,0.917,0.0,CNN,2020-05-18 17:10:04+00:00,"The Trump admin is replacing the US attorney in Washington, DC, who oversaw the controversial moves in the late sta‚Ä¶ https://t.co/yEZLVplOGf"
5,-0.5267,0.145,0.855,0.0,CNN,2020-05-18 17:00:03+00:00,Attorney General Barr says Obama and Biden are unlikely to be under criminal investigation in a review of the Russi‚Ä¶ https://t.co/52Ib6WqV9P
6,0.0,0.0,1.0,0.0,CNN,2020-05-18 16:50:04+00:00,New York could face a $9.5 billion tax revenue shortfall over the next two years because of coronavirus restriction‚Ä¶ https://t.co/PIFSfiVxhN
7,0.5267,0.0,0.861,0.139,CNN,2020-05-18 16:40:05+00:00,"New York Gov. Cuomo says he has been encouraging pro sports teams in the state to ""plan reopenings without fans."" F‚Ä¶ https://t.co/qcpAe3gL8l"
8,-0.5574,0.184,0.816,0.0,CNN,2020-05-18 16:33:31+00:00,"Steve Linick, the State Department inspector general fired by President Trump, had nearly completed an investigatio‚Ä¶ https://t.co/0HCFhrrkRp"
9,-0.7906,0.269,0.731,0.0,CNN,2020-05-18 16:20:07+00:00,"40 years ago today, Mount St. Helens erupted, expelling plumes of ash and killing 57 people in the most destructive‚Ä¶ https://t.co/l5CAXkJpGY"
10,0.3612,0.0,0.884,0.116,CNN,2020-05-18 16:10:04+00:00,New research suggests that some lava-like formations on Mars are actually the product of mud that flowed like lava‚Ä¶ https://t.co/UXjtldyB8s
11,-0.4019,0.15,0.85,0.0,CNN,2020-05-18 16:00:10+00:00,"The lack of cell phone reception at his wife's family farm in South Dakota made it hard for Walter Kinzie, who owns‚Ä¶ https://t.co/sCv93RtDvl"
12,0.3612,0.0,0.878,0.122,CNN,2020-05-18 15:50:06+00:00,Chinese President Xi Jinping says he supports calls for an investigation into the handling of the coronavirus pande‚Ä¶ https://t.co/kbV2nipByX
13,0.0,0.0,1.0,0.0,CNN,2020-05-18 15:40:07+00:00,US airlines are introducing temporary short-hop routes due to a requirement to keep essential air connections intac‚Ä¶ https://t.co/xSHQwG2r5c
14,0.5574,0.0,0.816,0.184,CNN,2020-05-18 15:30:06+00:00,"Study subjects who received Moderna's Covid-19 vaccine had positive early results, according to the biotech company‚Ä¶ https://t.co/Drhog5uuwf"
15,0.0,0.0,1.0,0.0,CNN,2020-05-18 15:20:09+00:00,"As stay-at-home orders grounded the Bay Area to a halt, Blade + Blue felt the impact immediately, as sales swung 60‚Ä¶ https://t.co/jh9i3z4WcG"
16,-0.4404,0.153,0.847,0.0,CNN,2020-05-18 15:10:04+00:00,"""International criticism of China over the years often has come from Beijing's traditional rivals,"" @jgriffiths wri‚Ä¶ https://t.co/pZHPMr1xfP"
17,0.1513,0.0,0.929,0.071,CNN,2020-05-18 15:00:04+00:00,The coronavirus pandemic could usher in an even more intense era of mass data collection ‚Äî the vast hoovering up of‚Ä¶ https://t.co/2iVRCPvlFS
18,0.3818,0.0,0.874,0.126,CNN,2020-05-18 14:50:06+00:00,"""At a time of widespread financial upheaval, it's time to think bigger: Since credit reporting determines access to‚Ä¶ https://t.co/SSe54oKGB1"
19,0.1531,0.091,0.794,0.115,CNN,2020-05-18 14:48:53+00:00,"RT @NewDay: With traditional cinemas and Hollywood reeling from lost income, drive-ins appear to be offering a rare and surging bright spot‚Ä¶"
20,-0.4019,0.124,0.876,0.0,CNN,2020-05-18 14:40:02+00:00,"""The Covid-19 pandemic has yet again revealed the old existing problems Latinos have been facing for decades in the‚Ä¶ https://t.co/e2qL788pu5"
21,0.0,0.0,1.0,0.0,CNN,2020-05-18 14:30:07+00:00,New surveillance video taken from a home under construction where Ahmaud Arbery entered on the day of his shooting‚Ä¶ https://t.co/ayxUBNBobr
22,0.3182,0.0,0.892,0.108,CNN,2020-05-18 14:20:07+00:00,"Hannah Brown, the Season 15 star of ""The Bachelorette,"" has apologized for using the N-word while attempting to rap‚Ä¶ https://t.co/anbCJlbr8y"
23,0.0,0.0,1.0,0.0,CNN,2020-05-18 14:10:07+00:00,More and more movies once destined for the big screen are going on-demand while theaters are closed due to the pand‚Ä¶ https://t.co/kdqpa2NJn6
24,0.0,0.0,1.0,0.0,CNN,2020-05-18 14:00:49+00:00,RT @NewDay: China still faces the ‚Äúbig challenge‚Äù of a potential second wave of Covid-19 infections. The country‚Äôs leading medical expert D‚Ä¶
25,0.0,0.0,1.0,0.0,CNN,2020-05-18 14:00:01+00:00,"Need a Break? Take a Stretch. Today on ‚ÄúCoronavirus: Fact vs Fiction,‚Äù Jeanette Jenkins, founder of The Hollywood T‚Ä¶ https://t.co/sFnslGVHwA"
26,-0.3182,0.103,0.897,0.0,CNN,2020-05-18 13:50:06+00:00,"""Ultimately Mr. Navarro is being critical of the President and the man who President Trump placed to lead the agenc‚Ä¶ https://t.co/ejmLC2PeBi"
27,0.623,0.0,0.797,0.203,CNN,2020-05-18 13:40:08+00:00,"It's International Museum Day! @CNNStyle has selected some of the most fascinating, immersive concerts, museum tour‚Ä¶ https://t.co/plYu2PUChM"
28,0.7269,0.063,0.632,0.304,CNN,2020-05-18 13:30:05+00:00,Confronting the prospect of dashed hopes and dreams deferred due to the coronavirus pandemic and what you tell your‚Ä¶ https://t.co/9IDTsIXjQi
29,-0.6486,0.301,0.595,0.104,CNN,2020-05-18 13:20:08+00:00,"The United States is only part way through the harsh therapy needed to defeat Covid-19. If we stop now,‚Ä¶ https://t.co/VSnCJ0Lv4g"
30,0.5499,0.0,0.849,0.151,CNN,2020-05-18 13:10:03+00:00,All but two US states have loosened restrictions in place to help curb the spread of coronavirus. Follow live updat‚Ä¶ https://t.co/grT3n8e2HD
31,0.0,0.0,1.0,0.0,CNN,2020-05-18 13:00:08+00:00,"Republican Sen. Mitt Romney has denounced President Trump's firings of internal government oversight officials, cal‚Ä¶ https://t.co/XnMhQx52Ep"
32,0.8834,0.0,0.608,0.392,CNN,2020-05-18 12:45:01+00:00,"NASCAR's comeback race honored health care workers as part of The Real Heroes Project, a collaborative initiative a‚Ä¶ https://t.co/XMvuY0QALJ"
33,0.0,0.0,1.0,0.0,CNN,2020-05-18 12:30:06+00:00,"Chinese President Xi Jinping spoke at the opening ceremony of the World Health Assembly, making the case for the co‚Ä¶ https://t.co/pVKDEBFgPe"
34,0.3612,0.0,0.894,0.106,CNN,2020-05-18 12:15:07+00:00,"We will meet again, just like the Queen said. New episodes of #TheWindsorsCNN return Sunday, June 14th at 9 p.m. ET https://t.co/fs8m6eY1Pi"
35,-0.5574,0.175,0.825,0.0,CNN,2020-05-18 12:00:07+00:00,The State Department inspector general who President Trump fired last week was investigating whether Secretary of S‚Ä¶ https://t.co/6g31UjfrmU
36,0.0,0.0,1.0,0.0,CNN,2020-05-18 11:45:05+00:00,"Here's everything you need to know about the coronavirus pandemic today: https://t.co/FCRrBCvIEF

üì© Sign up to get‚Ä¶ https://t.co/WTVZ2GGwDI"
37,0.0772,0.0,0.939,0.061,CNN,2020-05-18 11:31:37+00:00,Trump has removed the inspectors general with the reason that it's within his authority as President and that he la‚Ä¶ https://t.co/pOBx0KDqJz
38,0.0,0.0,1.0,0.0,CNN,2020-05-18 11:15:05+00:00,"Around 10,000 small boats, sailed by families, couples and individuals, ply the oceans each year. But in 2020, some‚Ä¶ https://t.co/yI42Com9cY"
39,0.0,0.0,1.0,0.0,CNN,2020-05-18 11:00:07+00:00,It's International Museum Day! Here is a running list of some of the museums that have reopened ‚Äî or have announced‚Ä¶ https://t.co/ESXO6KWWhi
40,0.0,0.0,1.0,0.0,CNN,2020-05-18 10:45:04+00:00,"The coronavirus pandemic has drastically changed kids' lives, and their behavior is showing it. There are ways for‚Ä¶ https://t.co/ElGZ6L51ZI"
41,0.34,0.0,0.902,0.098,CNN,2020-05-18 10:34:20+00:00,"Snoop Dogg shared a video of him listening to ""Let It Go"" from Disney's ""Frozen"" as he tried to decompress amid the‚Ä¶ https://t.co/UNbukoW6sh"
42,0.1027,0.0,0.924,0.076,CNN,2020-05-18 10:15:05+00:00,A Canadian Forces Snowbirds demonstration -- part of a weeks-long operation aimed at uplifting Canadians' spirits a‚Ä¶ https://t.co/SwTxYaAy5o
43,0.5719,0.125,0.66,0.215,CNN,2020-05-18 10:01:04+00:00,"""Please we'll do whatever it takes to bring you back. We love you. We miss you. Your girls need you. No questions a‚Ä¶ https://t.co/5x7Isb1RcK"
44,-0.128,0.149,0.679,0.172,CNN,2020-05-18 09:45:03+00:00,Sailors aboard the coronavirus stricken aircraft carrier USS Theodore Roosevelt are preparing to return to active o‚Ä¶ https://t.co/tJ3Elx0SGg
45,-0.5574,0.159,0.841,0.0,CNN,2020-05-18 09:32:03+00:00,Police have interviewed a 57-year-old man in connection with an incident in which a rail worker died from coronavir‚Ä¶ https://t.co/zRqTGdhBRN
46,0.7165,0.0,0.682,0.318,CNN,2020-05-18 09:18:37+00:00,"""I want people to know she was a very humble, sweet, and giving person,"" says her daughter https://t.co/GfSBfiuYRV"
47,0.0,0.0,1.0,0.0,CNN,2020-05-18 09:01:05+00:00,"As of Sunday, 5,457 members of the New York Police Department have returned to work full time after recovering from‚Ä¶ https://t.co/A8yeuvK568"
48,0.807,0.0,0.685,0.315,CNN,2020-05-18 08:45:02+00:00,"An 8-year-old therapy dog named Moose is officially a very good boy, after he was awarded an honorary doctorate in‚Ä¶ https://t.co/QHy3WEEdNZ"
49,0.2498,0.0,0.917,0.083,CNN,2020-05-18 08:31:05+00:00,"Many zoos and animal parks around the world may be closed to visitors, but that hasn't stopped the circle of life f‚Ä¶ https://t.co/goHwWprbcs"
50,0.0,0.0,1.0,0.0,CNN,2020-05-18 08:15:06+00:00,Health and Human Services Secretary Alex Azar on Sunday suggested that the underlying health conditions of American‚Ä¶ https://t.co/WBf0734Kgx
51,0.34,0.0,0.897,0.103,CNN,2020-05-18 08:01:03+00:00,A viral video of a black light experiment aims to show how easily germs and viruses can spread in environments like‚Ä¶ https://t.co/CvfUo1ZLa9
52,0.0,0.0,1.0,0.0,CNN,2020-05-18 07:45:07+00:00,"""Former President Barack Obama delivered two online commencement addresses on Saturday that did more than offer wor‚Ä¶ https://t.co/IprV4Nft3h"
53,0.0,0.0,1.0,0.0,CNN,2020-05-18 07:37:06+00:00,"Tropical Storm Arthur, the first named storm in the Atlantic for 2020, will bring high surf, heavy rains and strong‚Ä¶ https://t.co/yKyeA6qsPD"
54,0.0,0.0,1.0,0.0,CNN,2020-05-18 07:31:08+00:00,A spectacular controlled explosion has demolished the two cooling towers of a shut-down nuclear power plant in sout‚Ä¶ https://t.co/raYWtlv0l9
55,0.4215,0.0,0.865,0.135,CNN,2020-05-18 07:22:04+00:00,"About 35,000 coronavirus tests in the United States have been deemed unreliable because a processing lab ‚Äúhas been‚Ä¶ https://t.co/L9LLyw5SUz"
56,0.6249,0.0,0.758,0.242,CNN,2020-05-18 07:15:05+00:00,An Alaska state lawmaker apologized Sunday for comments he recently made likening new health safety measures being‚Ä¶ https://t.co/ZoD3hH4JjR
57,0.3182,0.0,0.874,0.126,CNN,2020-05-18 07:01:03+00:00,"The novel coronavirus can infect organs throughout the body, including lungs, throat, heart, liver, brain, kidneys‚Ä¶ https://t.co/si0vwyfpEl"
58,0.0258,0.0,0.948,0.052,CNN,2020-05-18 06:45:05+00:00,Secretary of State Mike Pompeo appears to be backing away from a theory he and President Donald Trump were pushing‚Ä¶ https://t.co/vMandEp9gl
59,0.0,0.0,1.0,0.0,CNN,2020-05-18 06:31:08+00:00,"Georgia Institute of Technology researchers have built and tested the ""Mini Rover,"" a scaled-down 3D-printed model‚Ä¶ https://t.co/1LXsWZKSzv"
60,0.0,0.0,1.0,0.0,CNN,2020-05-18 06:15:03+00:00,Ford announced on Saturday it will provide Covid-19 testing in four metro areas for hourly and salaried employees w‚Ä¶ https://t.co/OhQBkT1hw3
61,0.4215,0.0,0.865,0.135,CNN,2020-05-18 06:07:03+00:00,"At least 18,873 new coronavirus cases and 808 Covid-19-related deaths were recorded in the United States on Sunday,‚Ä¶ https://t.co/Ursj2fvZke"
62,-0.296,0.099,0.901,0.0,CNN,2020-05-18 06:01:04+00:00,A pregnant woman traveling through India by foot interrupted her journey to give birth and then kept walking for an‚Ä¶ https://t.co/SyAtBdB1ol
63,0.0,0.0,1.0,0.0,CNN,2020-05-18 05:45:04+00:00,A high-profile New York law firm targeted by hackers said it has never worked with President Donald Trump after the‚Ä¶ https://t.co/5Em0u5deRx
64,0.5106,0.0,0.845,0.155,CNN,2020-05-18 05:31:08+00:00,"Watch this robot patrol a park to encourage social distancing. Spot, a four-legged ""dog"" designed by Boston Dynamic‚Ä¶ https://t.co/z4IBsCPWW0"
65,0.0,0.0,1.0,0.0,CNN,2020-05-18 05:15:08+00:00,New York Gov. Andrew Cuomo took a test for Covid-19 at a press conference on Sunday in an attempt to demonstrate th‚Ä¶ https://t.co/MXVR23bknT
66,0.0,0.0,1.0,0.0,CNN,2020-05-18 05:01:04+00:00,"Doctors say parents, hospitals and clinics should expect to see more cases of a mystifying condition, called multis‚Ä¶ https://t.co/hG0ZnMCoIK"
67,0.5719,0.0,0.856,0.144,CNN,2020-05-18 04:45:08+00:00,An iron worker in North Carolina bought a scratch-off lottery ticket on the way home from work -- and won $10 milli‚Ä¶ https://t.co/0pDlY5f8XP
68,0.25,0.0,0.923,0.077,CNN,2020-05-18 04:31:11+00:00,"""A chance for younger fans to get to know him and... for those who lived it to be reminded of the legend."" 

How 'T‚Ä¶ https://t.co/ZdPGbBh62j"
69,0.2023,0.0,0.909,0.091,CNN,2020-05-18 04:23:31+00:00,Two of President Donald Trump's top officials are now pointing the finger at the administration's own scientists an‚Ä¶ https://t.co/vUsMmcFm9n
70,0.0,0.0,1.0,0.0,CNN,2020-05-18 04:15:04+00:00,"Nearly 15% of American households do not have a home internet subscription, including dial-up, broadband or a cellu‚Ä¶ https://t.co/3NkEA0utFU"
71,-0.5709,0.15,0.85,0.0,CNN,2020-05-18 04:01:05+00:00,Georgia officials are working to eradicate a lizard they say poses a major threat to some of the state's native wil‚Ä¶ https://t.co/hRdyIKyhX7
72,0.0,0.0,1.0,0.0,CNN,2020-05-18 03:45:05+00:00,"The gates of Graceland, Elvis Presley's famed home and estate, will reopen with reduced capacity on Thursday, two m‚Ä¶ https://t.co/6h097yq2kw"
73,-0.4019,0.114,0.886,0.0,CNN,2020-05-18 03:31:05+00:00,California Gov. Gavin Newsom on Sunday said the nearly $54 billion budget deficit the state is facing is a direct r‚Ä¶ https://t.co/CZCiTAFzVZ
74,0.0,0.0,1.0,0.0,CNN,2020-05-18 03:15:05+00:00,A new Marquette Law School poll finds former Vice President Joe Biden with a 46% to 43% lead over President Donald‚Ä¶ https://t.co/DNDr8TeFKD
75,-0.7845,0.266,0.734,0.0,CNN,2020-05-18 03:01:02+00:00,"The Asian giant hornet is thought to kill 50 people a year worldwide, mostly due to allergic reactions or multiple‚Ä¶ https://t.co/SunOOLucyt"
76,0.4215,0.0,0.797,0.203,CNN,2020-05-18 02:31:06+00:00,The United States Space Force has unveiled its official flag https://t.co/WX7RiNHPl8 https://t.co/hFr8mCrrR1
77,0.0,0.0,1.0,0.0,CNN,2020-05-18 02:15:07+00:00,"Georgia Institute of Technology researchers have built and tested the ""Mini Rover,"" a scaled-down 3D-printed model‚Ä¶ https://t.co/39nqmf9XyI"
78,0.4939,0.049,0.813,0.138,CNN,2020-05-18 02:01:07+00:00,"A new study ‚Äî the largest of its kind ‚Äî shows that hydroxychloroquine, the drug touted by President Trump, does not‚Ä¶ https://t.co/uAtQK73u0l"
79,0.3182,0.0,0.874,0.126,CNN,2020-05-18 01:45:06+00:00,"The novel coronavirus can infect organs throughout the body, including lungs, throat, heart, liver, brain, kidneys‚Ä¶ https://t.co/4fog6c8Cb5"
80,0.4588,0.0,0.87,0.13,CNN,2020-05-18 01:31:06+00:00,"A bear with an apparent sweet tooth busted into a mountain cabin in Gatlinburg, Tennessee, and it brought its frien‚Ä¶ https://t.co/G5N6dKe56H"
81,0.0,0.0,1.0,0.0,CNN,2020-05-18 01:15:04+00:00,The Las Vegas airport has installed new vending machines loaded with personal protective equipment https://t.co/W8dhnrWxU8
82,0.0,0.0,1.0,0.0,CNN,2020-05-18 01:00:12+00:00,A probing look into the stories behind the rise of the most infamous tabloid in American history. Witness the shock‚Ä¶ https://t.co/1EfDsu97To
83,-0.7845,0.266,0.734,0.0,CNN,2020-05-18 00:45:07+00:00,"The Asian giant hornet is thought to kill 50 people a year worldwide, mostly due to allergic reactions or multiple‚Ä¶ https://t.co/JZVyvdxOP0"
84,0.0,0.0,1.0,0.0,CNN,2020-05-18 00:31:06+00:00,"""People are starting to realize that we are actually depending on science and that we need to listen to scientists‚Ä¶ https://t.co/m0Nqcji3Iv"
85,0.2617,0.0,0.903,0.097,CNN,2020-05-18 00:15:02+00:00,"Coronavirus has slowed the global economy, but deforestation in the Amazon is speeding up. While most of Brazil's m‚Ä¶ https://t.co/FrBJYoUMdY"
86,0.0,0.0,1.0,0.0,CNN,2020-05-18 00:01:05+00:00,"Princeton University has named its first black valedictorian in the school's 274-year history ‚Äî Nicholas Johnson, a‚Ä¶ https://t.co/NiFlRwZsWY"
87,0.2263,0.0,0.909,0.091,CNN,2020-05-17 23:45:04+00:00,"Twitter will allow some of its workforce to continue working from home ""forever"" if they choose, the company confir‚Ä¶ https://t.co/Dt3ztXo8bN"
88,0.0,0.0,1.0,0.0,CNN,2020-05-17 23:31:07+00:00,"A Georgia man discovered an infestation of approximately 100,000 bees living in the ceiling of his recently purchas‚Ä¶ https://t.co/liLvc2WQPP"
89,0.0,0.0,1.0,0.0,CNN,2020-05-17 23:15:02+00:00,Star data from NASA's planet-hunting TESS mission has helped an international team of scientists detect patterns in‚Ä¶ https://t.co/NVUANv4SGb
90,0.1655,0.0,0.927,0.073,CNN,2020-05-17 23:01:04+00:00,"Cats can infect other cats with the novel coronavirus, but they may not show any symptoms, according to a new study‚Ä¶ https://t.co/g9VoEqifYE"
91,0.0,0.0,1.0,0.0,CNN,2020-05-17 23:01:04+00:00,"A pair of Michael Jordan's game-worn Air Jordan 1 shoes from 1985 sold for $560,000, more than three times the esti‚Ä¶ https://t.co/PTMY5SZKXz"
92,0.5574,0.0,0.833,0.167,CNN,2020-05-17 22:54:05+00:00,"A person who later learned they were positive for Covid-19 attended a California religious service on Mother's Day,‚Ä¶ https://t.co/26jyUfRl8B"
93,0.4215,0.0,0.797,0.203,CNN,2020-05-17 22:45:05+00:00,The United States Space Force has unveiled its official flag https://t.co/jtlI1lTCmm https://t.co/Y4f87ZvVdH
94,0.0,0.0,1.0,0.0,CNN,2020-05-17 22:31:05+00:00,"Nickelodeon sent their signature ""slime"" to astronauts on the International Space Station to perform experiments an‚Ä¶ https://t.co/5yYma5cvIU"
95,0.0,0.0,1.0,0.0,CNN,2020-05-17 22:15:08+00:00,"A pair of Michael Jordan's game-worn Air Jordan 1 shoes from 1985 sell for $560,000 ‚Äî more than three times the est‚Ä¶ https://t.co/3POqzDgAo7"
96,0.0,0.0,1.0,0.0,CNN,2020-05-17 22:00:10+00:00,Restaurant and bar owners say their industry could be wiped out by social distancing rules that will keep dining ro‚Ä¶ https://t.co/f0GqKi6mJt
97,0.128,0.0,0.919,0.081,CNN,2020-05-17 21:45:05+00:00,"An aircraft from the Canadian Forces Snowbirds aerobatics team has crashed in British Columbia, defense officials s‚Ä¶ https://t.co/ZyfpdY8wFv"
98,0.0,0.0,1.0,0.0,CNN,2020-05-17 21:29:03+00:00,"When this restaurant in Virginia reopens, it will be kept at 50% capacity for social distancing purposes -- and wil‚Ä¶ https://t.co/ngNtqVhFNG"
99,-0.6369,0.181,0.819,0.0,CNN,2020-05-17 21:15:07+00:00,Child abuse reports are down while children are largely out of sight during the coronavirus pandemic. Here's why ex‚Ä¶ https://t.co/AiJpN8vEbc
100,-0.5267,0.152,0.848,0.0,CBSNews,2020-05-18 17:40:15+00:00,"Attorney General William Barr says he does not ""expect"" Barack Obama or Joe Biden to face criminal investigations f‚Ä¶ https://t.co/lKuurbwslN"
101,-0.5574,0.286,0.714,0.0,CBSNews,2020-05-18 17:19:41+00:00,The internal watchdogs Trump has fired or replaced https://t.co/tAwJfKJkfe https://t.co/5uyV2xBMeO
102,0.7579,0.0,0.755,0.245,CBSNews,2020-05-18 17:00:21+00:00,A lot has changed for this Wisconsin church ‚Äì including the way they honor the everyday heroes who are often overlo‚Ä¶ https://t.co/q5iodrqrvB
103,0.3612,0.101,0.725,0.174,CBSNews,2020-05-18 16:39:39+00:00,"A person who tested positive for COVID-19 attended a crowded church service, potentially exposing 180 people‚Ä¶ https://t.co/3EaRG0EmpD"
104,0.4404,0.0,0.879,0.121,CBSNews,2020-05-18 16:33:58+00:00,"NY Gov. Cuomo: ""We‚Äôre going to make this place better than ever before. Because what we went through is a transform‚Ä¶ https://t.co/3uT08n37zQ"
105,-0.34,0.13,0.87,0.0,CBSNews,2020-05-18 16:19:44+00:00,Detroit priest uses squirt gun to spray holy water on parishioners as they socially distance https://t.co/lwut68sNt3 https://t.co/P9b5hulr2X
106,0.0,0.0,1.0,0.0,CBSNews,2020-05-18 16:13:16+00:00,"""None of this is predetermined.¬†This is all a function of what¬†we do today going forward,"" NY Gov. Cuomo says. ""The‚Ä¶ https://t.co/cltNouaX6r"
107,-0.128,0.12,0.785,0.094,CBSNews,2020-05-18 15:59:55+00:00,"ICYMI: Top takeaways from this week's ""Face the Nation"": Experts skeptical of White House COVID goals‚Ä¶ https://t.co/vhT8UwLlgD"
108,0.3975,0.051,0.829,0.12,CBSNews,2020-05-18 15:57:49+00:00,NY Gov. Cuomo says he encourages major sports teams to plan reopening without fans: ‚ÄúI want to watch the Buffalo¬†Bi‚Ä¶ https://t.co/iqQaFF7TBh
109,-0.3818,0.19,0.726,0.085,CBSNews,2020-05-18 15:48:35+00:00,"RT @camiloreports: U.S. Judge Jesus Bernal, who required ICE in April to consider releasing immigrants at increased risk of severe illness‚Ä¶"
110,-0.7184,0.283,0.616,0.101,CBSNews,2020-05-18 15:48:15+00:00,"RT @CBS_Herridge: #Pensacola 12/19 terrorist attack from AG Barr/DOJ: FBI recently succeeded in unlocking the phones of Alshamrani, who had‚Ä¶"
111,-0.5267,0.145,0.855,0.0,CBSNews,2020-05-18 15:45:48+00:00,"Barr says he does not ""expect"" that the ongoing review of the Trump-Russia probe will lead to a criminal investigat‚Ä¶ https://t.co/bt3Mz5HTK2"
112,0.7003,0.0,0.775,0.225,CBSNews,2020-05-18 15:43:39+00:00,"WATCH NOW: NY Gov. Cuomo starts his daily coronavirus briefing with ""good news"": ""I‚Äôm pleased to report I took a¬†CO‚Ä¶ https://t.co/lnofrZbJ5h"
113,-0.4215,0.359,0.435,0.207,CBSNews,2020-05-18 15:39:44+00:00,U.S. cyclist suffers fatal fall near Indian beauty spot https://t.co/mPgqnq2rzj https://t.co/NAFbDxbTc7
114,0.0,0.0,1.0,0.0,CBSNews,2020-05-18 15:32:28+00:00,"Barr calls out tech companies that are ""willing to accommodate authoritarian regimes when it serves their business‚Ä¶ https://t.co/dZgLG1pMKV"
115,-0.0772,0.065,0.884,0.051,CBSNews,2020-05-18 15:27:04+00:00,"For many in Philadelphia, testing can be hard to find. Pediatric surgeon Dr. Ala Stanford took matters into her own‚Ä¶ https://t.co/17J6sRY4CU"
116,-0.6249,0.17,0.83,0.0,CBSNews,2020-05-18 15:23:39+00:00,"Wray says new evidence shows the Pensacola air base shooting was ""the brutal culmination of years of planning and p‚Ä¶ https://t.co/3SbUFxBBi9"
117,0.0,0.0,1.0,0.0,CBSNews,2020-05-18 15:19:55+00:00,"Coronavirus closures hit beer supply, driving tainted alcohol deaths in Mexico https://t.co/X9Hx3cngYK https://t.co/PkF5MdcB6a"
118,0.4019,0.0,0.876,0.124,CBSNews,2020-05-18 15:14:19+00:00,"Barr says FBI technicians managed to unlock the Pensacola air base shooter's phone after Apple declined to help, an‚Ä¶ https://t.co/0FltPMKyAX"
119,0.5267,0.0,0.841,0.159,CBSNews,2020-05-18 15:08:48+00:00,WATCH LIVE: FBI and Justice Department plan to announce evidence linking Pensacola air base shooter to al Qaeda‚Ä¶ https://t.co/LMo28J5uia
120,-0.4767,0.171,0.829,0.0,CBSNews,2020-05-18 15:00:01+00:00,FBI links al Qaeda to Saudi shooter in deadly attack on Florida air base https://t.co/2FcVox07vs https://t.co/BA4bjMPuKr
121,-0.7351,0.292,0.708,0.0,CBSNews,2020-05-18 14:39:30+00:00,"Martin Shkreli denied prison release to research a coronavirus treatment by judge who calls him ""delusional""‚Ä¶ https://t.co/95iv0JVmXP"
122,0.4939,0.0,0.842,0.158,CBSNews,2020-05-18 14:29:33+00:00,"NYC Mayor de Blasio says antibody testing begins today for 140,000 first responders and health care workers‚Ä¶ https://t.co/BZJeCvwBm7"
123,-0.886,0.38,0.62,0.0,CBSNews,2020-05-18 14:19:49+00:00,"Understaffing at nursing homes may be making coronavirus crisis worse: ""It makes me mad and it makes me scared""‚Ä¶ https://t.co/1zdsfeKbhc"
124,0.0,0.0,1.0,0.0,CBSNews,2020-05-18 14:00:02+00:00,Coronavirus flare-ups force France to re-close some schools https://t.co/8iLToNzCNG https://t.co/1EazwrAtEP
125,0.0,0.0,1.0,0.0,CBSNews,2020-05-18 13:51:23+00:00,WATCH NOW: New York City Mayor Bill de Blasio gives an update on the coronavirus outbreak https://t.co/BOt0viiqTX https://t.co/Xm5g9D6s0F
126,0.0,0.0,1.0,0.0,CBSNews,2020-05-18 13:40:13+00:00,This restaurant in Maryland intends to use bumper tables to keep customers six feet apart once it begins to take se‚Ä¶ https://t.co/Oar2RVDLsA
127,-0.6486,0.235,0.765,0.0,CBSNews,2020-05-18 13:19:55+00:00,Journalist and his police bodyguard shot dead while leaving a restaurant in Mexico https://t.co/NOVp91pXCe https://t.co/dq9YsY05ZE
128,0.0,0.0,1.0,0.0,CBSNews,2020-05-18 13:00:18+00:00,This 7-year-old girl was saving her money for an American Girl doll ‚Äì but she selflessly decided to donate her enti‚Ä¶ https://t.co/kBfYelnkvQ
129,-0.2732,0.13,0.87,0.0,CBSNews,2020-05-18 12:45:00+00:00,Minnesota suing bar owner who plans to defy stay-at-home order and reopen early https://t.co/HehERl1EHf https://t.co/V15yFCtD4i
130,0.3612,0.0,0.828,0.172,CBSNews,2020-05-18 12:29:58+00:00,"Former ""Bachelorette"" Hannah Brown apologizes after singing N-word on Instagram Live https://t.co/xJ6qtj3WpD https://t.co/iDzuGFELz1"
131,0.0,0.0,1.0,0.0,CBSNews,2020-05-18 12:15:01+00:00,Tropical Storm Arthur to bring life-threatening surf and rip currents to East Coast https://t.co/wqHygXHunH https://t.co/UwUyznzvVC
132,-0.5106,0.157,0.786,0.057,CBSNews,2020-05-18 12:00:33+00:00,RT @CBSThisMorning: Democrats say they want to know why President Trump fired another of his administration's internal watchdogs. State Dep‚Ä¶
133,0.0,0.0,1.0,0.0,CBSNews,2020-05-18 11:44:39+00:00,Rare blue bee thought to be possibly extinct spotted in Florida https://t.co/0DmsGFcqHy https://t.co/pxvRHoWGnT
134,-0.6369,0.215,0.785,0.0,CBSNews,2020-05-18 11:41:49+00:00,"RT @CBSThisMorning: More than 28,000 people connected to nursing homes have died from the #coronavirus, and some say staffing shortages may‚Ä¶"
135,0.3612,0.0,0.894,0.106,CBSNews,2020-05-18 11:41:36+00:00,RT @RamyInocencio: NEW: China pulls 180¬∞ U-turn. üá®üá≥ Beijing now *supports* @WHO probe into the origin of #coronavirus after 100+ member nat‚Ä¶
136,0.0,0.0,1.0,0.0,CBSNews,2020-05-18 11:29:58+00:00,The government whistleblower who says the Trump administration's coronavirus response has cost lives‚Ä¶ https://t.co/lmdLrFJdIo
137,0.3182,0.0,0.85,0.15,CBSNews,2020-05-18 11:14:32+00:00,China eases resistance as calls mount for global probe into coronavirus origin https://t.co/fqnqXagg4P https://t.co/ZS7tobBxCr
138,0.0,0.0,1.0,0.0,CBSNews,2020-05-18 10:48:01+00:00,"In ""The Chiffon Trenches,"" Andr√© Leon Talley details his journey from the segregated South to becoming one of the m‚Ä¶ https://t.co/MVoUKcjs8T"
139,0.0,0.0,1.0,0.0,CBSNews,2020-05-18 10:47:01+00:00,"AHEAD: The #newnormal of shopping. Retailers are reopening, but it isn't business as usual.

Coming up,‚Ä¶ https://t.co/0PJVhT2nUQ"
140,0.3182,0.0,0.796,0.204,CBSNews,2020-05-18 10:44:57+00:00,Texas reports largest single-day increase in coronavirus cases https://t.co/7172OE1Mtz https://t.co/nE2a0nms6K
141,0.0,0.0,1.0,0.0,CBSNews,2020-05-18 10:34:49+00:00,Tropical Storm Arthur inching closer to North Carolina coast https://t.co/obICKrRlLQ https://t.co/3yhWH8tp2I
142,-0.7579,0.317,0.683,0.0,CBSNews,2020-05-18 10:18:01+00:00,"32 years after gay American's deadly fall off Australian cliff, man charged with murder https://t.co/velaxXYLk8 https://t.co/yv8i3Gg0pX"
143,-0.2732,0.13,0.87,0.0,CBSNews,2020-05-18 09:40:00+00:00,Minnesota suing bar owner who plans to defy stay-at-home order and reopen early https://t.co/7mOfhmgZSi https://t.co/Iiq7h82pBS
144,0.25,0.0,0.833,0.167,CBSNews,2020-05-18 09:19:57+00:00,NFL players DeAndre Baker and Quinton Dunbar granted bond https://t.co/OSMaY49vIX https://t.co/HMIOQarRrV
145,0.3612,0.0,0.828,0.172,CBSNews,2020-05-18 08:59:34+00:00,"Former ""Bachelorette"" Hannah Brown apologizes after singing n-word on Instagram Live https://t.co/8iqjWAYCLJ https://t.co/qDu2ISkUTt"
146,0.1326,0.151,0.668,0.182,CBSNews,2020-05-18 08:39:35+00:00,Fed Chair Powell says The US won't have negative interest rates https://t.co/RqW8s2Z7vw https://t.co/pAM0jcwKZf
147,0.0,0.0,1.0,0.0,CBSNews,2020-05-18 08:19:40+00:00,Tropical Storm Arthur inching closer to North Carolina coast https://t.co/6A9NRWL3j7
148,0.0,0.0,1.0,0.0,CBSNews,2020-05-18 08:00:01+00:00,What will be the new normals after the coronavirus pandemic? https://t.co/QYnx47Wm11 https://t.co/EFhGzhnXC7
149,0.0,0.0,1.0,0.0,CBSNews,2020-05-18 07:39:47+00:00,HHS Secretary Alex Azar says Trump administration aiming for 300 million coronavirus vaccine doses by 2021 https://t.co/npTZnc8KHN
150,-0.6557,0.309,0.691,0.0,CBSNews,2020-05-18 07:20:01+00:00,"Former FDA Commissioner Scott Gottlieb alarmed by ""deeply concerning"" mysterious illness among children‚Ä¶ https://t.co/E80BwxaZZg"
151,0.4939,0.0,0.792,0.208,CBSNews,2020-05-18 07:00:01+00:00,"Pelosi says ""time is of the essence"" to reach deal on next round of coronavirus relief https://t.co/yZVsrVfx6E https://t.co/ZA4EvHgaf3"
152,0.0,0.0,1.0,0.0,CBSNews,2020-05-18 06:39:31+00:00,The government whistleblower who says the Trump administration's coronavirus response has cost lives‚Ä¶ https://t.co/BxoRhLSoFB
153,0.0,0.0,1.0,0.0,CBSNews,2020-05-18 06:19:56+00:00,Atlas 5 rocket launches Pentagon spaceplane on mission shrouded in secrecy https://t.co/k0kMl7k93F https://t.co/Aw8xaFkUev
154,-0.5859,0.22,0.78,0.0,CBSNews,2020-05-18 05:59:59+00:00,"Cuomo says no one should be prosecuted for coronavirus deaths in New York, including those in nursing homes‚Ä¶ https://t.co/7joAaJXf5f"
155,0.0,0.0,1.0,0.0,CBSNews,2020-05-18 05:39:49+00:00,.@CBSSunday Matinee: Itzhak Perlman &amp; the Juilliard Orchestra https://t.co/rgsYxDdg7h https://t.co/5EwyBnglN3
156,0.4404,0.0,0.847,0.153,CBSNews,2020-05-18 05:19:43+00:00,Postal worker leaves handwritten notes and gift cards for 2020 graduates on his mail route https://t.co/WntgTesCIU https://t.co/vjfHoHbXCf
157,-0.1531,0.127,0.873,0.0,CBSNews,2020-05-18 04:59:59+00:00,"Remembering Phyllis George, former Miss America and ""NFL Today"" broadcaster https://t.co/CaX5zNNlr7 https://t.co/ZxwB3VSm8d"
158,-0.5267,0.236,0.764,0.0,CBSNews,2020-05-18 04:39:36+00:00,Several firefighters hurt while fleeing explosion in downtown Los Angeles https://t.co/nhLIDPKpXc https://t.co/qv9Fafju39
159,-0.8074,0.39,0.61,0.0,CBSNews,2020-05-18 04:19:35+00:00,"Search for missing Idaho children reveals ""no sign of life, no sign of death"" https://t.co/GtX53sq35m https://t.co/2u3Tlh7jhl"
160,0.3182,0.0,0.796,0.204,CBSNews,2020-05-18 03:59:54+00:00,Texas reports largest single-day increase in coronavirus cases https://t.co/woP9JSWJhs https://t.co/44Yv25Mv56
161,0.25,0.0,0.833,0.167,CBSNews,2020-05-18 03:39:52+00:00,NFL players DeAndre Baker and Quinton Dunbar granted bond https://t.co/mCxNMXS1Qr https://t.co/TQfXxSDU2T
162,0.0,0.0,1.0,0.0,CBSNews,2020-05-18 03:19:45+00:00,Tropical Storm Arthur inching closer to North Carolina coast https://t.co/GelVlzENZV https://t.co/YZXEeqkcTU
163,0.0,0.0,1.0,0.0,CBSNews,2020-05-18 02:59:57+00:00,Why the Federal Reserve chair keeps talking to @60Minutes https://t.co/upPNLJyzIc https://t.co/RYh5UBZrkM
164,-0.2204,0.158,0.842,0.0,CBSNews,2020-05-18 02:39:54+00:00,"Graham Nash: ""It's never been this weird, has it?"" https://t.co/WuzRXjDBaS https://t.co/757OQl5HoW"
165,0.7003,0.0,0.746,0.254,CBSNews,2020-05-18 02:25:15+00:00,"Obama to 2020 grads: ‚ÄúDoing what feels good, what's convenient, what's easy ‚Äì that's how little kids think""‚Ä¶ https://t.co/2gln3wAmHN"
166,0.1326,0.16,0.646,0.194,CBSNews,2020-05-18 02:19:39+00:00,Fed Chair Powell: The US won't have negative interest rates https://t.co/2z3Oa9KUMe https://t.co/37W5YgqNah
167,-0.6597,0.268,0.732,0.0,CBSNews,2020-05-18 02:00:01+00:00,"Canadian jet doing flyover tribute to frontline workers crashes, killing one https://t.co/SdkHwoQYU6 https://t.co/jmTegTCGfX"
168,0.0,0.0,1.0,0.0,CBSNews,2020-05-18 01:40:14+00:00,"WATCH: New York Governor Cuomo was tested for the coronavirus in the middle of his press briefing Sunday to show ""h‚Ä¶ https://t.co/T30Lz4FpgT"
169,0.4019,0.0,0.769,0.231,CBSNews,2020-05-18 01:19:42+00:00,The stuff that coronavirus dreams are made of https://t.co/JnNRS1RywS https://t.co/giZTGiMjmM
170,-0.5859,0.22,0.78,0.0,CBSNews,2020-05-18 01:00:01+00:00,"Cuomo says no one should be prosecuted for coronavirus deaths in New York, including those in nursing homes‚Ä¶ https://t.co/CCCicMf1Qx"
171,0.0,0.0,1.0,0.0,CBSNews,2020-05-18 00:39:56+00:00,Federal Reserve Chairman Jerome Powell on the coronavirus-ravaged economy https://t.co/mDZ1lGGRLV https://t.co/FfPtvVnUeq
172,-0.5423,0.137,0.863,0.0,CBSNews,2020-05-18 00:29:45+00:00,"RT @60Minutes: ‚ÄúThe world has spent so much time guarding its borders against the outsider or the enemy, you know? And somehow [coronavirus‚Ä¶"
173,0.2732,0.099,0.76,0.141,CBSNews,2020-05-18 00:28:19+00:00,"RT @RamyInocencio: Happy Sunday indeed. üáØüáµ Tokyo‚Äôs still under a state of emergency, right? Spring tempts Tokyoites out. This is the second‚Ä¶"
174,0.4404,0.0,0.847,0.153,CBSNews,2020-05-18 00:19:37+00:00,Postal worker leaves handwritten notes and gift cards for 2020 graduates on his mail route https://t.co/hIcVWSoSqv https://t.co/qY6pEOJi1Q
175,0.0,0.0,1.0,0.0,CBSNews,2020-05-18 00:00:01+00:00,Balconies: The new performance space for musicians in lockdown https://t.co/TX5cgl3XL9 https://t.co/IErR1q5PSW
176,-0.7939,0.277,0.723,0.0,CBSNews,2020-05-17 23:43:08+00:00,"RT @60Minutes: ‚ÄúBiology just doesn't care. It doesn't care that it's causing a recession, you know? It's not going to back off because it's‚Ä¶"
177,0.4404,0.0,0.879,0.121,CBSNews,2020-05-17 23:43:04+00:00,"RT @60Minutes: ‚ÄúWe don't yet have a national strategy to respond fully to this pandemic,‚Äù says government scientist Rick Bright, who filed‚Ä¶"
178,0.3818,0.0,0.89,0.11,CBSNews,2020-05-17 23:43:00+00:00,RT @60Minutes: ‚ÄúI believe my last-ditch effort to protect Americans from that drug was the final straw that they used.‚Äù Government scientis‚Ä¶
179,0.5994,0.078,0.671,0.251,CBSNews,2020-05-17 23:42:55+00:00,"RT @60Minutes: Whistleblower Rick Bright says that in January 2020, he repeatedly tried to alert his superiors at HHS about warnings he was‚Ä¶"
180,0.4588,0.0,0.852,0.148,CBSNews,2020-05-17 23:42:47+00:00,"RT @60Minutes: ‚ÄúI knew that all of the signs for a pandemic were present,‚Äù says government scientist Rick Bright. ‚ÄúIt was just a matter of‚Ä¶"
181,-0.7845,0.282,0.634,0.084,CBSNews,2020-05-17 23:42:39+00:00,"RT @60Minutes: ‚ÄúIf we fail to improve our response now based on science, I fear the pandemic will get worse and be prolonged,‚Äù says Dr. Ric‚Ä¶"
182,-0.5267,0.139,0.861,0.0,CBSNews,2020-05-17 23:42:33+00:00,"RT @60Minutes: Who in the workforce is getting hurt most by the sharp economic downturn caused by coronavirus? 

‚ÄúThe most recently hired,‚Ä¶"
183,0.0,0.0,1.0,0.0,CBSNews,2020-05-17 23:39:59+00:00,What will be the new normals after the coronavirus pandemic?https://t.co/Lxd4InMir1 https://t.co/GLC8MRiQhX
184,0.0,0.0,1.0,0.0,CBSNews,2020-05-17 23:21:53+00:00,The government whistleblower who says the Trump administration's coronavirus response has cost lives‚Ä¶ https://t.co/TfwwrFT7Uj
185,-0.0572,0.048,0.952,0.0,CBSNews,2020-05-17 23:16:27+00:00,"RT @60Minutes: ‚ÄúIn the long run, and even in the medium run, you wouldn't want to bet against the American economy. This economy will recov‚Ä¶"
186,0.0516,0.099,0.794,0.107,CBSNews,2020-05-17 23:16:24+00:00,"RT @60Minutes: Jerome Powell, Chairman of the Federal Reserve, says the trillions of dollars in additional federal debt to support the U.S.‚Ä¶"
187,0.0,0.0,1.0,0.0,CBSNews,2020-05-17 23:16:21+00:00,"RT @60Minutes: ‚ÄúWhen the virus outbreak is behind us, the economy should be able to recover substantially,‚Äù says Fed Chairman Jerome Powell‚Ä¶"
188,-0.2732,0.075,0.925,0.0,CBSNews,2020-05-17 23:16:17+00:00,"RT @60Minutes: ‚ÄúThere's a real risk that if people are out of work for long periods of time, that their skills atrophy a little bit and the‚Ä¶"
189,0.34,0.107,0.705,0.188,CBSNews,2020-05-17 23:16:13+00:00,RT @60Minutes: ‚ÄúThe good news is that we have the tools to limit that longer-run damage by continuing to provide support to households and‚Ä¶
190,0.0,0.0,1.0,0.0,CBSNews,2020-05-17 23:00:00+00:00,"Fed chairman: Economy will recover, but that could take until end of 2021 https://t.co/NhprFcbOiF https://t.co/8X7G2dj3RI"
191,-0.6557,0.373,0.627,0.0,CBSNews,2020-05-17 22:43:32+00:00,"Gottlieb alarmed by ""deeply concerning"" mysterious illness among children https://t.co/vrwFm1edIs https://t.co/C1Y9Z3zlRQ"
192,0.3182,0.0,0.796,0.204,CBSNews,2020-05-17 22:19:38+00:00,Texas reports largest single-day increase in coronavirus cases https://t.co/FYuFjnQEB0 https://t.co/9mGALmoEyv
193,0.0,0.0,1.0,0.0,CBSNews,2020-05-17 22:00:00+00:00,WATCH: A four-legged canine-like robot called Spot has been unveiled in Singapore to remind park goers to maintain‚Ä¶ https://t.co/JSZET1Kzol
194,0.0,0.0,1.0,0.0,CBSNews,2020-05-17 21:45:00+00:00,"""Sunday Morning"" Matinee: Itzhak Perlman &amp; the Juilliard Orchestra https://t.co/pzyvYnZnke https://t.co/Gl9hBxGACJ"
195,0.6486,0.064,0.735,0.201,CBSNews,2020-05-17 21:30:00+00:00,This black bear at the Oregon Zoo had a lot of fun spending some alone time in a tub with his favorite toy while th‚Ä¶ https://t.co/WAt5lLiJCX
196,0.0,0.0,1.0,0.0,CBSNews,2020-05-17 21:15:00+00:00,This ICU nurse had patients' family members record messages on small devices ‚Äì then she sewed them into teddy bears‚Ä¶ https://t.co/0CrYN9Kb5g
197,0.1027,0.0,0.938,0.062,CBSNews,2020-05-17 21:00:00+00:00,This Vietnam veteran was admitted to the hospital with his guide dog shortly before it went into lockdown due to th‚Ä¶ https://t.co/XLn3OLGNe5
198,0.0772,0.14,0.701,0.159,CBSNews,2020-05-17 20:45:00+00:00,"For the Class of 2020, a graduation season like no other https://t.co/czu0CQfTqP https://t.co/013w4ITZs1"
199,0.5719,0.0,0.837,0.163,CBSNews,2020-05-17 20:30:00+00:00,GRANDMA WITH MOVES: This 78-year-old loves to dance ‚Äì so she's been showing off her moves with her granddaughter‚Ä¶ https://t.co/6q2y4z2khG
200,0.4019,0.0,0.847,0.153,BBC,2020-05-18 17:03:27+00:00,"For details of organisations which offer advice and support with mental health, go online to https://t.co/rWDj404Gvz"
201,0.4019,0.0,0.886,0.114,BBC,2020-05-18 17:02:37+00:00,"Mental health issues can affect any one of us.

For a range of programmes to help start your conversation go to‚Ä¶ https://t.co/KkuxY6eRoU"
202,-0.2023,0.101,0.899,0.0,BBC,2020-05-18 14:01:00+00:00,What is toxic productivity? @Dr_Julie_Smith is here to give you the lowdown on this lockdown phenomenon.‚Ä¶ https://t.co/OBIbe4btQf
203,0.3164,0.0,0.84,0.16,BBC,2020-05-18 13:27:29+00:00,"Cereal bar massage technician = new dream job! ü•£

#InsideTheFactory

https://t.co/55Gp0EDlvW"
204,0.6597,0.0,0.769,0.231,BBC,2020-05-18 13:00:01+00:00,"Ian Fletcher, BBC Head of Values (@hughbon), with support from the @BBCCO, gives a one-off address from his lockdow‚Ä¶ https://t.co/eRhyFpj6va"
205,0.4019,0.0,0.863,0.137,BBC,2020-05-18 12:01:00+00:00,#MentalHealth conditions often have invisible symptoms. Can VR help people express what's going on inside their hea‚Ä¶ https://t.co/dGFA6mDOSL
206,0.7184,0.0,0.684,0.316,BBC,2020-05-18 12:00:56+00:00,@ITV @Channel4 @bbcthree @skytv @channel5_tv @davechannel @ComedyCentralUK @MTVUK @UKTV Sending virtual hugs ü§ó https://t.co/WaxCsGhWTq
207,0.0,0.0,1.0,0.0,BBC,2020-05-18 10:07:39+00:00,"‚ÄúYou are not alone.‚Äù

Radio stations across the UK have joined together for the #MentalHealthMinute - featuring The‚Ä¶ https://t.co/QiYPiThw1n"
208,0.8225,0.063,0.63,0.307,BBC,2020-05-18 08:01:00+00:00,"‚ù§Ô∏è @mescal_paul: ""Say that you love them, listen and be joyous in their company."" 

If you're Obsessed with‚Ä¶ https://t.co/hhXUANbVbr"
209,0.4588,0.0,0.885,0.115,BBC,2020-05-18 07:58:28+00:00,"RT @bbcbitesize: Tomorrow is the start of #MentalHealthAwarenessWeek 2020 and this year it's all about #Kindness üß°

Here is your 7 day chal‚Ä¶"
210,0.4215,0.0,0.863,0.137,BBC,2020-05-18 07:53:59+00:00,"Want to get fit during lockdown? #CouchTo5K could be for you.

üèÉ‚Äç‚ôÄÔ∏èThe app will get you running 5K in nine weeks (e‚Ä¶ https://t.co/TH3etAf4fy"
211,0.9349,0.036,0.476,0.488,BBC,2020-05-18 07:01:10+00:00,"RT @bbcarts: Thank you for coming to #WoWxBBC and for your enthusiasm. We hope you leave the virtual festival inquisitive, inspired and gal‚Ä¶"
212,0.5983,0.0,0.811,0.189,BBC,2020-05-17 18:59:07+00:00,If you want to keep the #Eurovision fun going - you need to watch The A-Z of Eurovision with @rylan on @bbciplayer!‚Ä¶ https://t.co/Jk5u0826M5
213,0.75,0.0,0.701,0.299,BBC,2020-05-17 13:01:00+00:00,"Every #Eurovision winner of the past 25 years! Which is your favourite..? ü§î‚ú®

#Eurovision2020 

https://t.co/u2eeQL8UCx"
214,0.7178,0.066,0.695,0.239,BBC,2020-05-17 13:01:00+00:00,"""The chain will always be more popular than I am."" üòÇ

@bbcthree's #NormalPeople star @mescal_paul tells @BBCR1 abou‚Ä¶ https://t.co/RYBiXdpfX2"
215,0.0,0.0,1.0,0.0,BBC,2020-05-17 10:01:00+00:00,"There's lots more deleted #ThisCountry scene on their way from @bbcthree... 

Here's one: Kurtan shows Kerry and th‚Ä¶ https://t.co/Bw8swPdAIr"
216,0.5719,0.0,0.821,0.179,BBC,2020-05-16 18:01:00+00:00,#Eurovision: Europe Shine a Light celebrates all 41 songs that would have competed in the #Eurovision2020 contest.‚Ä¶ https://t.co/7MwKNGco95
217,0.3612,0.0,0.889,0.111,BBC,2020-05-16 16:01:00+00:00,#Eurovision2020 may not be going ahead as planned tonight - but @grahnort will give viewers the chance to vote for‚Ä¶ https://t.co/sHsYMyLJ2h
218,0.296,0.0,0.885,0.115,BBC,2020-05-16 14:00:01+00:00,Join HRH The Duke of Cambridge as he aims to break the stigma around men's mental health.‚Ä¶ https://t.co/HrlPnCxv1b
219,0.0,0.0,1.0,0.0,BBC,2020-05-16 11:01:00+00:00,"What‚Äôs the point of noses? üëÉ
https://t.co/OpTlYow0AA"
220,0.3382,0.0,0.906,0.094,BBC,2020-05-16 10:01:00+00:00,"How well do you know your 90s #Eurovision trivia? Take the quiz from @bbcradio2!  üï∫üé∂

üëâ https://t.co/ennQoFUY6z https://t.co/1snG9TaY0a"
221,0.836,0.0,0.669,0.331,BBC,2020-05-16 07:39:10+00:00,RT @bbcarts: Enjoy a Saturday morning stretch and ease into the #WOWxBBC Festival with basketball player and spoken word poet @AsmaElbadawi‚Ä¶
222,0.0,0.0,1.0,0.0,BBC,2020-05-16 07:39:07+00:00,"RT @bbceurovision: REST OF WORLD: SATURDAY

EUROPE AND AUSTRALIA: https://t.co/Tgz3Dku91B"
223,0.4939,0.0,0.824,0.176,BBC,2020-05-16 07:26:19+00:00,"It's the #WOWxBBC Festival this weekend. And the line-up is incredible. 

Today @JuliaGillard on leadership,‚Ä¶ https://t.co/3PbWr0qnBF"
224,0.0,0.0,1.0,0.0,BBC,2020-05-15 19:01:00+00:00,"It's another all-star lineup on @grahnort's sofa tonight!

‚ú®Will Ferrell
‚ú®@mermhart
‚ú®@MarkRuffalo
‚ú®@mescal_paul
‚ú®‚Ä¶ https://t.co/4oCgTIUbHd"
225,0.0,0.0,1.0,0.0,BBC,2020-05-15 18:01:00+00:00,"Brand new #LaterJools starts tonight!  üôå

Jools chats to @QueensChristine from her base in Paris, and singer-songwr‚Ä¶ https://t.co/HYGCzBJheJ"
226,0.4404,0.125,0.658,0.216,BBC,2020-05-15 17:26:23+00:00,"RT @BBCLater: ""If I'm brutally honest with you, this is my favourite performance ever done on TV by any artist...""

High praise from @Queen‚Ä¶"
227,0.0,0.0,1.0,0.0,BBC,2020-05-15 17:24:43+00:00,#HealthCheckUKLive is streaming now on @bbciplayer.    https://t.co/f7VedVNpQK
228,0.5994,0.136,0.623,0.242,BBC,2020-05-15 17:24:03+00:00,"With gyms closed, and heavy items like dumbbells difficult to get delivered - @russell_kane has a great tip for kee‚Ä¶ https://t.co/0xy6teCxa4"
229,0.0772,0.0,0.939,0.061,BBC,2020-05-15 14:56:41+00:00,RT @BBCTheOneShow: .@normalpeoplebbc's @daisyedgarjones and @mescal_paul will be on the show on Monday and we want to ask them your Normal‚Ä¶
230,0.128,0.062,0.856,0.082,BBC,2020-05-15 14:07:12+00:00,"RT @HackerTDog: Do you miss Iain and Hacker? Well, we were reunited for one night only cockers. See the whole shambolic film here:
https://‚Ä¶"
231,0.7579,0.0,0.755,0.245,BBC,2020-05-15 11:01:00+00:00,"It may seem simple, but there are important things to remember about safely putting on and taking off a face coveri‚Ä¶ https://t.co/F4oYPNBA15"
232,0.296,0.0,0.845,0.155,BBC,2020-05-15 08:01:00+00:00,"Serena and Richard are St John Ambulance volunteers, helping manage the crisis.‚Ä¶ https://t.co/7blhshCOoI"
233,0.802,0.068,0.643,0.289,BBC,2020-05-14 20:04:26+00:00,"For everyone whose life has changed. For everyone who misses a loved one.

You got the love. You got this.‚Ä¶ https://t.co/t8zgf8PCFX"
234,0.4019,0.0,0.856,0.144,BBC,2020-05-14 19:01:00+00:00,"The brand new one-off special Wipe from @charltonbrooker is nearly here...

Charlie Brooker's #AntiviralWipe | 9pm‚Ä¶ https://t.co/vCbTKrC3sf"
235,0.3182,0.071,0.813,0.117,BBC,2020-05-14 16:01:00+00:00,It took a group of volunteers 45 minutes to rescue a wild horse stuck in a deep mud hole in the foothills of Albert‚Ä¶ https://t.co/m3dv9Ah7ez
236,0.0,0.0,1.0,0.0,BBC,2020-05-14 15:00:23+00:00,"RT @BBCNewsbeat: The #Eurovision acts have recorded this message to fans who would normally be watching this week.
 
It's part of our new d‚Ä¶"
237,-0.4071,0.115,0.885,0.0,BBC,2020-05-14 13:01:00+00:00,"The face of someone about to VERY seriously judge a dessert... üßêü§î

@BBCR1 presenter and children's author‚Ä¶ https://t.co/jTdnnf8LLn"
238,-0.5423,0.22,0.78,0.0,BBC,2020-05-14 11:01:00+00:00,Two of the nation‚Äôs favourite film critics @KermodeMovie and @simonmayo are turning their critical attention from c‚Ä¶ https://t.co/OZvCrUJo0w
239,0.3612,0.0,0.865,0.135,BBC,2020-05-14 08:01:00+00:00,Thank you from @bbcarts and @OwainWynEvans to EVERYONE who uploaded #YouGotTheLove videos and artwork to the‚Ä¶ https://t.co/WNc4PWI2Ew
240,-0.8316,0.322,0.629,0.049,BBC,2020-05-13 19:14:42+00:00,"Victorian thriller #ViennaBlood follows a junior doctor who is researching the criminal mind... üò±

9pm | @BBCTwo &amp;‚Ä¶ https://t.co/M9cMrBb3fJ"
241,0.0,0.0,1.0,0.0,BBC,2020-05-13 17:26:16+00:00,#Hospital: Coronavirus Specials are streaming now on @BBCiPlayer. https://t.co/4XgEd1XJbX
242,0.0,0.0,1.0,0.0,BBC,2020-05-13 17:25:24+00:00,"'It can happen to anyone.'

#Hospital https://t.co/eu787uvl9E"
243,0.0,0.0,1.0,0.0,BBC,2020-05-13 13:29:29+00:00,HealthCheckUK Live | Weekdays | 10am | @bbcone &amp; @bbciplayer.  https://t.co/N23q55jbD9
244,0.0,0.0,1.0,0.0,BBC,2020-05-13 13:28:04+00:00,"As the government in England introduces new advice on wearing masks in public, @xandvt and @MichAckerley answer som‚Ä¶ https://t.co/agR4fjaN7T"
245,0.9215,0.0,0.609,0.391,BBC,2020-05-13 12:56:48+00:00,"RT @BBC6Music: Happy birthday to ya!

Celebrate #StevieWonder‚Äôs 70th today by having a bop to this brilliant mix by DJ @samredmore, compile‚Ä¶"
246,0.0,0.0,1.0,0.0,BBC,2020-05-13 12:53:50+00:00,RT @bbcpress: Viewers are flocking to @BBCiPlayer in record numbers during lockdown. Here are some of the iPlayer moments getting us throug‚Ä¶
247,0.8625,0.0,0.664,0.336,BBC,2020-05-13 11:01:00+00:00,"As the nation was celebrating #VEDay, the Duke of Sussex took part in a special film to commemorate the bravery of‚Ä¶ https://t.co/1jpdxKzWYe"
248,0.0772,0.0,0.947,0.053,BBC,2020-05-13 10:08:29+00:00,RT @bbcpress: Mwaka Mudenda joins Blue Peter as its 39th presenter today - taking on her first presenter challenge from her home &gt;&gt; https:/‚Ä¶
249,0.0,0.0,1.0,0.0,BBC,2020-05-13 09:05:51+00:00,"Lockdown update: All you need to know about the new measures.

üëâ https://t.co/uor4HblRrW https://t.co/ev1Dvve6NW"
250,0.0,0.0,1.0,0.0,BBC,2020-05-13 08:01:00+00:00,"What is 'sharenting' (and are you doing it)?

Made in partnership with @OpenUniversity.
https://t.co/4pR37Wznoe"
251,-0.8588,0.345,0.655,0.0,BBC,2020-05-12 19:01:00+00:00,"One of the most heartbreaking scenes in #NormalPeople.  üò≠üíî

All episodes streaming now on @bbciplayer.

Via‚Ä¶ https://t.co/GWwqTRzL90"
252,0.4019,0.0,0.847,0.153,BBC,2020-05-12 18:01:00+00:00,"Tonight's #Hospital: Coronavirus Special continues to follow staff and patients at @RoyalFreeNHS.

As the pandemic‚Ä¶ https://t.co/gjzAIqGEzZ"
253,0.5093,0.0,0.888,0.112,BBC,2020-05-12 16:01:00+00:00,"The @BBCR1 #BigWeekend UK 2020 line-up just got a whole lot bigger! üòç

Take a look at the new additions who will be‚Ä¶ https://t.co/UNf3wpDpG9"
254,0.4019,0.0,0.769,0.231,BBC,2020-05-12 14:17:56+00:00,"Hospital: Coronavirus Special continues tonight, 9pm,¬†@BBCTwo¬†&amp;¬†@BBCiPlayer. https://t.co/KLWkG1OEMb"
255,0.4404,0.0,0.847,0.153,BBC,2020-05-12 14:17:13+00:00,"The incredible moment that community nurse Nancy thanked her @RoyalFreeNHS colleagues, who helped her recover from‚Ä¶ https://t.co/hBd6X58hRe"
256,0.0,0.0,1.0,0.0,BBC,2020-05-12 12:01:00+00:00,"11-year-old Gui Kury has become the first person to complete a 1080 turn on a vertical ramp... ü§Ø

https://t.co/3A2mvgU5iK"
257,0.7339,0.0,0.808,0.192,BBC,2020-05-12 08:01:00+00:00,"Emon and Jamiul are Uncle and Nephew GOALS! ‚ù§Ô∏è

Let's hear it for the #RaceAcrosstheWorld winners! üëèüåéüòÉ
https://t.co/HsS5RUpCsk"
258,0.8625,0.0,0.664,0.336,BBC,2020-05-11 19:30:01+00:00,"As the nation was celebrating #VEDay, the Duke of Sussex took part in a special film to commemorate the bravery of‚Ä¶ https://t.co/lqbkGL7gjY"
259,0.0,0.0,1.0,0.0,BBC,2020-05-11 18:01:00+00:00,This week's #Hospital: Coronavirus Specials were filmed inside the NHS from the first day of the lockdown - while w‚Ä¶ https://t.co/W8LmuOgA8m
260,0.4939,0.0,0.862,0.138,BBC,2020-05-11 16:01:00+00:00,"This Dutch care home has found a way to bring people together - by reuniting families in a glass pod.
https://t.co/Nj2bz87h16"
261,0.0,0.0,1.0,0.0,BBC,2020-05-11 14:25:30+00:00,"RT @BBCTheOneShow: Have you heard the news?üì¢
Tonight's #TheOneShow will be on @BBCTwo at 7pm! 

üõãÔ∏è @MissAlexjones will be on the sofas with‚Ä¶"
262,-0.6249,0.256,0.623,0.121,BBC,2020-05-11 12:01:00+00:00,World War Two veteran Alec and wife Gladys got married the year the war ended. Here's how they celebrated their 75t‚Ä¶ https://t.co/FQlU14Fnbc
263,0.0,0.0,1.0,0.0,BBC,2020-05-11 10:01:00+00:00,"Brand new #JamieJohnson is streaming now on @bbciplayer.  üôå

@JamieJohnsonFC | @BBCMOTD | @BBCSport | @cbbc https://t.co/LEBFyOhtZG"
264,0.3595,0.0,0.884,0.116,BBC,2020-05-11 09:12:00+00:00,"#LifeDrawingLive is back!
 
All you'll need is a 2B pencil, paper, charcoal and an eraser to join in with‚Ä¶ https://t.co/AfF1Gq1d5U"
265,0.54,0.0,0.845,0.155,BBC,2020-05-10 19:01:00+00:00,"#TheRanganation is back for a brand new series!  üôå

@RomeshRanga mulls over the week‚Äôs most entertaining news with‚Ä¶ https://t.co/kBpwToosf7"
266,0.0,0.0,1.0,0.0,BBC,2020-05-10 13:04:09+00:00,#HealthCheckUKLive | Weekdays | 10am | @bbcone &amp; @BBCiPlayer. https://t.co/QUcPd2ZzDR
267,0.8053,0.0,0.76,0.24,BBC,2020-05-10 13:01:00+00:00,"Water? üíßCoffee? ‚òïÔ∏èOrange juice? üçä Milk? ü•õ

Which of these do you think hydrate us best? The answer may surprise you‚Ä¶ https://t.co/2XzEgG77EO"
268,0.5499,0.121,0.681,0.197,BBC,2020-05-10 12:01:00+00:00,"BREAKING NEWS: People who never do anything outraged at no longer being able to do things. üòÇüóû

#TheMashReport | 10p‚Ä¶ https://t.co/TGpFNM2tFi"
269,0.0,0.0,1.0,0.0,BBC,2020-05-10 10:01:00+00:00,"Countries across the world are approaching coronavirus testing differently

But what does testing involve and why d‚Ä¶ https://t.co/WQKRIJn0HM"
270,0.1511,0.0,0.938,0.062,BBC,2020-05-10 09:01:00+00:00,"üö®ONLY A FEW HOURS LEFT! üö®

Saxophone, sitar, singing or spoons ‚Äì we want to see YOUR performances of #YouGotTheLove‚Ä¶ https://t.co/kdzjVIlnZ2"
271,0.5267,0.0,0.825,0.175,BBC,2020-05-09 17:01:00+00:00,"The multi-Oscar winning #DarkestHour follows Winston Churchill's reign as UK Prime Minister in WW2.

7:30pm |‚Ä¶ https://t.co/llt1V8BTYl"
272,0.0,0.0,1.0,0.0,BBC,2020-05-09 14:01:00+00:00,Drumming sensation @OwainWynEvans wants you to be part of the #BBCLockdownOrchestra - here's how to submit your vid‚Ä¶ https://t.co/3wRkZRUIaA
273,0.4404,0.0,0.838,0.162,BBC,2020-05-09 11:01:00+00:00,"From BAFTA award-winner @MichaelaCoel comes #IMayDestroyYou, a fearless, frank and provocative new drama about sexu‚Ä¶ https://t.co/8nv5ypC36R"
274,0.0,0.0,1.0,0.0,BBC,2020-05-09 10:01:00+00:00,Zainab is a junior doctor working on the frontline of the NHS. Her resilience is being tested beyond all expectatio‚Ä¶ https://t.co/KTgfdbxF33
275,0.7184,0.0,0.76,0.24,BBC,2020-05-09 09:01:00+00:00,"This family is celebrating #Ramadan with a lockdown twist.

They couldn‚Äôt get out to pray at their local mosque, so‚Ä¶ https://t.co/MYIYPQV2GM"
276,0.4576,0.0,0.893,0.107,BBC,2020-05-08 19:34:52+00:00,"RT @BBCTheOneShow: One Show viewer John Chapman told us about a very special letter that he found a few days ago, written from his father P‚Ä¶"
277,0.6597,0.0,0.81,0.19,BBC,2020-05-08 19:10:18+00:00,"RT @BBCTheOneShow: 'A morale booster for the nation. It's such a wonderful song to sing that fills people with a lot of spirit.'

Meet the‚Ä¶"
278,0.743,0.0,0.76,0.24,BBC,2020-05-08 19:10:13+00:00,RT @BBCArchive: Howard Marshall reported on the jubilant crowds who had gathered to greet the Royal Family at Buckingham Palace. #VEDay75 h‚Ä¶
279,0.0,0.0,1.0,0.0,BBC,2020-05-08 19:01:00+00:00,"Tonight with #GrahamNorton:

‚ú®#KillingEve star @IamSandraOh!
‚ú®Actor Stanley Tucci!
‚ú®Dancer @OtiMabuse!
‚ú®Comedians‚Ä¶ https://t.co/Un53Q9Wq3E"
280,0.4215,0.0,0.872,0.128,BBC,2020-05-08 18:21:05+00:00,"A powerful recitation of Winston Churchill's own words, spoken on #VEDay by famous faces and frontline workers on t‚Ä¶ https://t.co/HVJezSJhWo"
281,0.7096,0.0,0.753,0.247,BBC,2020-05-08 18:16:07+00:00,RT @BBCTheOneShow: Join @missalexjones and @huwbbc on @bbcone now as #TheOneShow celebrates #VEDay with all of you at home. https://t.co/Im‚Ä¶
282,0.5106,0.0,0.864,0.136,BBC,2020-05-08 16:01:00+00:00,"This is so moving.  üíô

#ChristopherEccleston reads 'Our Heroes', a poem and tribute to the NHS, penned by the partn‚Ä¶ https://t.co/Q7KfEYUspm"
283,-0.5994,0.145,0.855,0.0,BBC,2020-05-08 14:45:28+00:00,RT @BBCBreakfast: Audrey and Joe wrote over 700 letters to each other when they were separated during the war. To mark #VEDay actors @Elean‚Ä¶
284,0.0,0.0,1.0,0.0,BBC,2020-05-08 14:45:23+00:00,"RT @BBCRadioLondon: We've given @BBC New Broadcasting House at makeover üá¨üáß‚ù§Ô∏èü§çüíô

#GreatBritishBunting https://t.co/xS95VSzwUs"
285,0.0,0.0,1.0,0.0,BBC,2020-05-08 14:45:16+00:00,RT @BBCArchive: The BBC‚Äôs Richard Dimbleby gave a snapshot of the scenes in central London #OnThisDay 1945 #VEDay75 https://t.co/aO55ken1PG
286,0.0,0.0,1.0,0.0,BBC,2020-05-08 14:03:34+00:00,"RT @BBCNews: People across the UK mark #VEDay75 amid the ongoing coronavirus pandemic

https://t.co/QZjEn62Paa"
287,-0.5994,0.14,0.86,0.0,BBC,2020-05-08 14:02:49+00:00,"RT @bbc5live: On the 75th anniversary of VE Day, 5 Live listeners told their extraordinary personal stories about the end of the war in Eur‚Ä¶"
288,0.4576,0.0,0.857,0.143,BBC,2020-05-08 13:01:00+00:00,"There are three more special #VEDay75 programmes today on @BBCOne &amp; @BBCiPlayer:

2:45pm - The Announcement of Vict‚Ä¶ https://t.co/nCGg5k1HXc"
289,0.0,0.0,1.0,0.0,BBC,2020-05-08 11:32:48+00:00,"‚ù§Ô∏è‚ù§Ô∏è‚ù§Ô∏è
https://t.co/wWXYsxGMVH"
290,0.8176,0.0,0.754,0.246,BBC,2020-05-08 11:31:57+00:00,RT @BBCBreakfast: üé∂ Just some of the amazing pictures you sent to #BBCBreakfast of you and your families celebrating #VEDay - to 'We'll Mee‚Ä¶
291,0.0,0.0,1.0,0.0,BBC,2020-05-08 11:31:39+00:00,"How the UK is marking 75th anniversary of end of WW2 in Europe. #VEDay75 

https://t.co/1q20ZEZJUF"
292,-0.5994,0.126,0.874,0.0,BBC,2020-05-08 11:30:23+00:00,"RT @BBCLondonNews: It's the 75th anniversary of VE Day. Here are some of the people who lived through World War Two in London. üá¨üáßüôå
#VEDay #‚Ä¶"
293,0.0,0.0,1.0,0.0,BBC,2020-05-08 11:29:40+00:00,"RT @BBCNews: Watch the Red Arrows perform a flypast over London to mark #VEDay75 

https://t.co/VSYapPvXsF https://t.co/9TRfVf62bC"
294,0.9661,0.0,0.438,0.562,BBC,2020-05-08 10:01:00+00:00,"A very Happy 94th Birthday to the amazing Sir David Attenborough.  üéâ

What better way to celebrate than enjoying hi‚Ä¶ https://t.co/kH8rw2Tpiy"
295,0.4019,0.0,0.856,0.144,BBC,2020-05-08 07:01:00+00:00,"For the first of four special #VEDay75 programmes today, @sophieraworth introduces a national moment of remembrance‚Ä¶ https://t.co/Kyg8hfyTPI"
296,0.4019,0.0,0.838,0.162,BBC,2020-05-07 20:01:00+00:00,"Tonight's 45-minute special #LiveAtTheApollo is hosted by  @ardalsfolly, with sets from @MawaanR  and @sarabarron.‚Ä¶ https://t.co/xrdb8xE13w"
297,0.4389,0.0,0.919,0.081,BBC,2020-05-07 19:32:50+00:00,"RT @bbcbitesize: If the sky is clear tonight, you‚Äôll be able to see the last #SuperMoon of 2020‚Äô! üòÆüî≠üåï

What else can we see in the sky? We‚Ä¶"
298,0.0,0.0,1.0,0.0,BBC,2020-05-07 19:01:00+00:00,"Tonight on #HaveIGotNewsForYou, #DavidTennant hosts team captains Paul Merton and Ian Hislop and panellists‚Ä¶ https://t.co/zadfASHXiV"
299,0.4019,0.0,0.876,0.124,BBC,2020-05-07 18:01:00+00:00,"In part two of a #DIYSOS special from 2015, @MrNickKnowles and team continue transforming an entire street of rundo‚Ä¶ https://t.co/0vqk8PVcqz"
300,-0.2023,0.121,0.792,0.088,Fox,2020-05-18 06:56:09+00:00,"RT @perfemail: Performance Newsletter ‚Ññ49‚Äîtrack Web Vitals by @igrigorik, see JS framework impact by @tkadlec, learn if Chrome will block y‚Ä¶"
301,-0.34,0.191,0.72,0.089,Fox,2020-05-18 06:28:22+00:00,RT @drthema: Insecurity and imposter syndrome can create constant anxiety. Let‚Äôs breathe and give ourselves permission to release. It‚Äôs not‚Ä¶
302,0.0,0.0,1.0,0.0,Fox,2020-05-18 06:13:28+00:00,@jstn porn
303,-0.6249,0.577,0.423,0.0,Fox,2020-05-18 00:57:29+00:00,@pjrvs *insert existential crisis*
304,0.0516,0.138,0.749,0.114,Fox,2020-05-18 00:44:22+00:00,"@ow @pjrvs hahahaah it me üòÇ 

the problem I currently have is that the last redesign was when I still was looking f‚Ä¶ https://t.co/rwfgE0HPIx"
305,0.1531,0.0,0.909,0.091,Fox,2020-05-18 00:38:59+00:00,@pjrvs nearly every day i want to blog again but then I look at my website and want to redesign it and we both know how that goes
306,0.4926,0.0,0.758,0.242,Fox,2020-05-17 04:40:37+00:00,@jongold i thought any time was suitable for good ol shitpost?!
307,0.5046,0.168,0.487,0.345,Fox,2020-05-17 01:04:40+00:00,"@makenosound yeah, how could that go wrong, I really can‚Äôt tell lmao"
308,-0.1326,0.148,0.736,0.116,Fox,2020-05-17 01:04:01+00:00,there‚Äôs never anything good hiding under ‚Äúshow more replies‚Äù on the bird website. never.
309,0.0,0.0,1.0,0.0,Fox,2020-05-17 00:36:44+00:00,"If that‚Äôs the condition for going to restaurants and bars, I won‚Äôt be going. Still, can get takeaway without sacrif‚Ä¶ https://t.co/lhb9u9YIG4"
310,-0.4098,0.099,0.901,0.0,Fox,2020-05-17 00:36:44+00:00,Who manages this data? How long do they have it for? How many people at a given place have my data? There are no re‚Ä¶ https://t.co/3adivIh0M2
311,0.2037,0.141,0.684,0.175,Fox,2020-05-17 00:36:44+00:00,"Victoria announced lifting of restrictions and closures for hospitality venues, which is great.

What‚Äôs not great i‚Ä¶ https://t.co/hmzqfYA4Uj"
312,-0.6124,0.191,0.741,0.068,Fox,2020-05-16 01:54:19+00:00,"RT @SarahMoran: If you have a job, stand in solidarity with those who don‚Äôt.

üíî 594,300 Aussie jobs gone
üíî underemployment up 4.9% to 13.7%‚Ä¶"
313,-0.25,0.2,0.8,0.0,Fox,2020-05-15 23:35:19+00:00,"fb ruining gifs and expanding its tentacles, again

https://t.co/LpP8w4Ls4K"
314,0.5106,0.0,0.736,0.264,Fox,2020-05-15 10:54:01+00:00,@benschwarz @MelissaKaulfuss here it is; ask me anything you want to know :) https://t.co/55HQrCEKeO
315,0.0,0.0,1.0,0.0,Fox,2020-05-15 09:56:27+00:00,@dotmariusz woah. we have 15-25 cases a day for the whole country and only now some of the restaurants in some stat‚Ä¶ https://t.co/IMqs2bIs93
316,0.7964,0.054,0.716,0.229,Fox,2020-05-15 04:38:02+00:00,@alexgoffey aaahhh ü§§ I have been wondering if I should buy their book. their cakes are the best (and the most luxurious üòÇ)
317,0.0,0.0,1.0,0.0,Fox,2020-05-15 02:40:18+00:00,@eleanorkh and fashionable
318,0.8271,0.0,0.717,0.283,Fox,2020-05-15 01:53:42+00:00,"I had a responsible, socially distanced coffee walk with a friend today (üëãüèª @eleanorkh). First time in two months.‚Ä¶ https://t.co/iiqOLRkRMq"
319,0.0,0.0,1.0,0.0,Fox,2020-05-15 00:33:28+00:00,@csswizardry https://t.co/o4a1RleD2N
320,0.0,0.0,1.0,0.0,Fox,2020-05-15 00:10:03+00:00,"RT @humanworkplace: Your job title does not define you

Your salary does not define you

You are righteous with or without a job

Don‚Äôt let‚Ä¶"
321,0.0,0.0,1.0,0.0,Fox,2020-05-14 08:57:15+00:00,@glenmaddern singapore?? üôÉ
322,0.296,0.0,0.901,0.099,Fox,2020-05-14 02:37:36+00:00,we‚Äôve been quietly testing @____lighthouse 6 beta for a few months and will be running the stable version right aft‚Ä¶ https://t.co/nn8gC3xuzj
323,0.0,0.0,1.0,0.0,Fox,2020-05-14 01:34:52+00:00,"RT @venikunche: white women != diversity

Having just white women does not make your team or your event diverse."
324,-0.6652,0.19,0.81,0.0,Fox,2020-05-13 06:12:46+00:00,"@the_patima but, tbh, I am sick of those debates who‚Äôs real or not. they‚Äôre all gatekeeping people (usually minorit‚Ä¶ https://t.co/ge18a8SEuP"
325,-0.2411,0.116,0.884,0.0,Fox,2020-05-13 06:09:06+00:00,"@the_patima internally: never. your designer perfectionism and impostor syndrome won‚Äôt let u.
externally: never. th‚Ä¶ https://t.co/5gi4de60QI"
326,0.0,0.0,1.0,0.0,Fox,2020-05-13 06:04:33+00:00,"everything about this is golden.

https://t.co/WHoNBbEnS6"
327,-0.34,0.118,0.882,0.0,Fox,2020-05-13 02:38:02+00:00,"the obsession with tooling (incl. frameworks) is deeply rooted in tech. 

it‚Äôs also constantly weaponised to talk p‚Ä¶ https://t.co/boCYtXGtJT"
328,0.8168,0.0,0.737,0.263,Fox,2020-05-13 02:36:48+00:00,"@NatDudley omgmgmgmgmgmg yes!! i still remember when i went to see nanette at MICF; one of my first, and the best e‚Ä¶ https://t.co/KNWtuMNvak"
329,-0.8042,0.289,0.666,0.045,Fox,2020-05-13 02:25:54+00:00,"I want @ArtifactUprsng, but in Australia. Are there really no high quality, decently priced photo+framing services here? üò≠"
330,0.6696,0.0,0.621,0.379,Fox,2020-05-12 06:54:13+00:00,@benschwarz @glenmaddern i recommend never reading your mentions. works a treat!
331,0.802,0.042,0.699,0.259,Fox,2020-05-11 09:42:41+00:00,"RT @karenkho: Economics says the best gifts for moms are:
-paid parental leave
-affordable child care
-men doing much more housework and pa‚Ä¶"
332,0.0,0.0,1.0,0.0,Fox,2020-05-11 09:15:42+00:00,RT @maiab: I have figured out why people who work at big companies are so much less productive than people who work at startups and it‚Äôs be‚Ä¶
333,0.0387,0.101,0.721,0.178,Fox,2020-05-11 06:14:34+00:00,"@holman writing like that is okay (I agree with the sentiment &amp; been saying this for ages) but it offers no data, n‚Ä¶ https://t.co/sgW6lopf3B"
334,0.6124,0.0,0.8,0.2,Fox,2020-05-11 01:45:01+00:00,@KasperWargula I use https://t.co/M5g71J0FVV but I think there are some tools that integrate directly with slack :)
335,0.0,0.0,1.0,0.0,Fox,2020-05-10 06:16:15+00:00,RT @rachelyhe_: ‚Äúdesign leaders‚Äù who need to rip into junior designers in order to voice a dissenting opinion are not real leaders
336,0.0,0.0,1.0,0.0,Fox,2020-05-07 23:28:57+00:00,RT @jessica_salfia: This poem is called ‚ÄúFirst lines of emails I‚Äôve received while quarantining.‚Äù https://t.co/4keCqPaO63
337,0.6124,0.136,0.5,0.364,Fox,2020-05-07 22:48:26+00:00,"@NatDudley well, that is awful. I‚Äôm glad she found a much better home. ‚ù§Ô∏è"
338,-0.1027,0.104,0.808,0.088,Fox,2020-05-07 22:47:27+00:00,@danrubin I had the same problem with finding refried beans without lard. It‚Äôs a thing for sure; takes a bit of loo‚Ä¶ https://t.co/olAGrqcj70
339,0.5093,0.0,0.603,0.397,Fox,2020-05-07 22:45:46+00:00,@NatDudley omg what a cute fluff!
340,0.1531,0.069,0.839,0.091,Fox,2020-05-07 21:51:22+00:00,RT @kosamari: 5G is not gonna make your frontend performance disappear just like LTE and high performance CPU didn't fix it in the past dec‚Ä¶
341,-0.8625,0.375,0.625,0.0,Fox,2020-05-07 10:48:35+00:00,‚ÄûOrdinary life before the pandemic was already a catastrophe of desperation and exclusion for too many human beings‚Ä¶ https://t.co/V04bdf3OwT
342,0.0,0.0,1.0,0.0,Fox,2020-05-07 09:46:52+00:00,@jongold tips from long-time bagel maker: don‚Äôt use baking soda. barley malt syrup changes nothing. bagels need 5 i‚Ä¶ https://t.co/mViNXWgrhv
343,0.4753,0.0,0.781,0.219,Fox,2020-05-07 02:36:12+00:00,"@TheCodePixi that‚Äôs much more convenient! ios hasn‚Äôt gotten to that yet, lol"
344,0.7345,0.0,0.618,0.382,Fox,2020-05-07 02:34:19+00:00,"@TheCodePixi haha, all good! I use https://t.co/M5g71J0FVV üëçüèª"
345,0.0,0.0,1.0,0.0,Fox,2020-05-07 02:29:06+00:00,"posting self-recorded GIFs is a long-term strategy I used to build team connection with remote co-workers. now, I‚Äôm‚Ä¶ https://t.co/zNJrbQ8AXE"
346,0.69,0.0,0.76,0.24,Fox,2020-05-06 04:52:38+00:00,@anildash same! I definitely evolved the rules as the time passed. but definitely it has prompted thinking and bein‚Ä¶ https://t.co/1lpK315ZAe
347,0.0,0.0,1.0,0.0,Fox,2020-05-06 04:46:33+00:00,@anildash they are always the same
348,0.0,0.0,1.0,0.0,Fox,2020-05-06 04:43:13+00:00,"also, to clarify: I RT all underrepresented groups, including PoC and LGBTQIA+. gender ain‚Äôt binary, nor it‚Äôs the p‚Ä¶ https://t.co/y1ZyLdYPU3"
349,-0.5994,0.274,0.726,0.0,Fox,2020-05-06 04:38:43+00:00,here to block all whataboutists and offended white men who will emerge in this thread
350,0.8968,0.0,0.67,0.33,Fox,2020-05-06 04:37:24+00:00,"@theshawwn thanks but I had enough of white men wisdom in my time, which this is a prime example of üëãüèª"
351,0.0,0.0,1.0,0.0,Fox,2020-05-06 04:35:19+00:00,@Firesphere you can make your own rules. I include PoC and LGBTQIA+.
352,-0.296,0.099,0.901,0.0,Fox,2020-05-06 04:15:29+00:00,"noticed someone pointing out that @anildash only retweets women. 

his statement got me to stop RTing men + focus o‚Ä¶ https://t.co/1h2LAxCgdA"
353,-0.0516,0.124,0.762,0.114,Fox,2020-05-05 00:23:41+00:00,@jongold I am genuinely excited by vegetables and teen kaz is screaming ‚Äùwhat is vegetable‚Äù. it‚Äôs a mood
354,0.4199,0.0,0.892,0.108,Fox,2020-05-04 10:07:18+00:00,@KaiBrach Thank you so much! It really means a lot to me since it‚Äôs my first exercise on executing a brand with ful‚Ä¶ https://t.co/XuiBGEaBfz
355,0.6369,0.0,0.704,0.296,Fox,2020-05-04 05:21:23+00:00,"@jongold long live five elephant cheesecake, the best pie ‚ù§Ô∏è"
356,0.7177,0.0,0.5,0.5,Fox,2020-05-04 05:14:12+00:00,@jongold these photos are so beautiful
357,0.2751,0.161,0.637,0.202,Fox,2020-05-04 03:37:03+00:00,While semantics might be useful for greater adoption of web performance it does not solve the inequity problem at a‚Ä¶ https://t.co/wljihtJAWm
358,0.2263,0.0,0.909,0.091,Fox,2020-05-04 03:29:38+00:00,"A more understandable name for #webperf can be helpful. 

But what we need is widespread understanding of its impor‚Ä¶ https://t.co/5PHzMdte35"
359,0.0,0.0,1.0,0.0,Fox,2020-05-04 02:36:57+00:00,@marekIsOkay üôåüèª
360,0.4199,0.0,0.715,0.285,Fox,2020-05-04 02:36:50+00:00,@imtraptir thank you! ‚úäüèª
361,0.0,0.0,1.0,0.0,Fox,2020-05-04 02:36:44+00:00,@jilljubs squee ‚ù§Ô∏è
362,0.4199,0.0,0.715,0.285,Fox,2020-05-04 02:36:37+00:00,@stewartsc thank you! üôåüèª
363,0.2732,0.0,0.9,0.1,Fox,2020-05-04 00:31:44+00:00,@unRonic @Grammarly I think in general such services are pretty invasive but the caveat that they might store what‚Ä¶ https://t.co/WQYsnTeOMg
364,0.8072,0.0,0.659,0.341,Fox,2020-05-04 00:24:35+00:00,"I found @Grammarly really useful, but I can‚Äôt allow entertaining the thought they‚Äôre storing everything I write whe‚Ä¶ https://t.co/x5urt9QRA2"
365,-0.4588,0.246,0.625,0.129,Fox,2020-05-03 10:05:28+00:00,"‚ÄúA white identity is a trust fund, and its currency is grievance that is stolen from others.‚Äù

‚ÄîNesrine Malik"
366,-0.6249,0.339,0.661,0.0,Fox,2020-05-02 06:58:00+00:00,RT @NewYorker: Setting reasonable goals during a crisis. https://t.co/QIirBpnuJ7
367,0.0,0.0,1.0,0.0,Fox,2020-05-02 06:29:35+00:00,@jongold ü§§
368,0.1779,0.081,0.812,0.107,Fox,2020-05-02 03:55:56+00:00,"First time in my tech career of 15 years I‚Äôm a shareholder (also, in a profitable company that has no debts to anyo‚Ä¶ https://t.co/VDOPxLNrva"
369,0.68,0.0,0.715,0.285,Fox,2020-05-02 01:17:23+00:00,@yesidanderfer thank you! ü§ó keeping it real at my house üôèüèª
370,0.4199,0.0,0.763,0.237,Fox,2020-05-01 23:46:31+00:00,@MikeEsto thank you! üôáüèª‚Äç‚ôÄÔ∏è
371,0.2263,0.084,0.76,0.156,Fox,2020-05-01 23:39:47+00:00,"@KaiBrach yeah, I was also surprised. I normally don‚Äôt answer calls from No Caller ID. the only reason why I did wa‚Ä¶ https://t.co/QaQV0VbSoP"
372,0.8553,0.052,0.663,0.284,Fox,2020-05-01 23:25:56+00:00,"It also included a free influenza and  rsv virus test, which I also don‚Äôt have. Thanks, Aussie healthcare! üòÇüôèüèª"
373,-0.3903,0.107,0.893,0.0,Fox,2020-05-01 22:49:01+00:00,"Tested negative for corona üôÉ (I knew that would be the case, but followed the rules nonetheless!). 

Got a call abo‚Ä¶ https://t.co/vYTQ8FpMpb"
374,0.7506,0.0,0.738,0.262,Fox,2020-05-01 09:46:01+00:00,"RT @calibreapp: We are proud to donate free performance monitoring to @COVID19Tracking.

The Covid Tracking Project is a volunteer organisa‚Ä¶"
375,0.7999,0.0,0.676,0.324,Fox,2020-04-30 23:11:33+00:00,"@joelgascoigne seems like it‚Äôs a perfect strategy especially if there‚Äôs not much loss. 

we came to a conclusion th‚Ä¶ https://t.co/OltLD96T2P"
376,0.69,0.0,0.738,0.262,Fox,2020-04-30 23:07:31+00:00,"@joelgascoigne sounds like a good decision! frankly, I‚Äôm operating at 40-50% of my normal productivity and forcing‚Ä¶ https://t.co/kzCz2NcpIi"
377,-0.5267,0.268,0.732,0.0,Fox,2020-04-30 23:04:07+00:00,@adamliaw sO mUcH tImE tO bE aNxIoUs aNd sTrEsSeD mIgHt pIcK uP a hObBy
378,0.7096,0.0,0.67,0.33,Fox,2020-04-30 22:58:31+00:00,"@alicegoldfuss honestly, it does deserve a good punching. it‚Äôs a bit of an asshole"
379,-0.2263,0.448,0.286,0.267,Fox,2020-04-30 22:56:26+00:00,@alicegoldfuss My anxiety feels attacked lol
380,0.3802,0.0,0.834,0.166,Fox,2020-04-30 08:59:57+00:00,@johnsyweb I had a hot toddy last week and it changed my life! ‚ú®
381,0.4926,0.0,0.556,0.444,Fox,2020-04-30 08:59:05+00:00,"@meelijane thanks, Milly! ‚ù§Ô∏è"
382,-0.3802,0.14,0.778,0.082,Fox,2020-04-30 08:57:33+00:00,@NatDudley oh yeah. A pap is horrible for me. So there you go! Sound advice from your doc. üôèüèª
383,0.3774,0.114,0.67,0.216,Fox,2020-04-30 08:42:39+00:00,"@NatDudley yeah, that‚Äôs what I expected :( it‚Äôs really personal. welcome to the rona test club for me I guess?"
384,0.2498,0.102,0.753,0.146,Fox,2020-04-30 08:27:25+00:00,"@edinbeth I mean, for me it wasn‚Äôt! Different people will have different experiences. I‚Äôm honestly really anxious a‚Ä¶ https://t.co/t76kU4eI6k"
385,0.0,0.0,1.0,0.0,Fox,2020-04-30 08:04:34+00:00,@janl ‚ù§Ô∏è
386,-0.5562,0.159,0.841,0.0,Fox,2020-04-30 08:04:28+00:00,"@dgoodlad nope nope noooooooppeeeeeee. being next to one was stressful enough. although, not a lot of people were wearing masks!"
387,0.6887,0.0,0.77,0.23,Fox,2020-04-30 08:03:45+00:00,"Overall, it felt like a very smooth, organised, and even more so, safe experience. I‚Äôd urge anyone with any symptom‚Ä¶ https://t.co/enyOUDEkJZ"
388,0.0,0.0,1.0,0.0,Fox,2020-04-30 08:03:45+00:00,"While the information prompts to bring your Medicare card (I presume for identification), I was not asked to provid‚Ä¶ https://t.co/LvtaRgewMS"
389,0.0,0.0,1.0,0.0,Fox,2020-04-30 08:03:44+00:00,"I ask if a lot of people are coming to get tested. She responds: ""lots"". I nod. 

She reminds me of the rules, says‚Ä¶ https://t.co/w1hMBMiUNf"
390,0.5574,0.0,0.87,0.13,Fox,2020-04-30 08:03:44+00:00,"I get a brochure on self-isolation, what to do if I test positive and a slip for time off work (how abstract is tha‚Ä¶ https://t.co/Kqx7aQ06zs"
391,-0.7968,0.279,0.721,0.0,Fox,2020-04-30 08:03:44+00:00,"Another doctor comes in to look at my throat. She says it looks sore, but not like COVID (thanks for that!! my thro‚Ä¶ https://t.co/eF2H0vX1HE"
392,0.0,0.0,1.0,0.0,Fox,2020-04-30 08:03:43+00:00,"After the interview, she sanitizes her hands (for the millionth time), puts on a PPE visor and takes the swab sampl‚Ä¶ https://t.co/wu28DEfqxJ"
393,0.296,0.083,0.789,0.128,Fox,2020-04-30 08:03:43+00:00,"I get invited to an exam room. The doctor wears a mask. She takes my blood pressure, temperature (both ideal, she s‚Ä¶ https://t.co/EuqhoL1HIb"
394,0.0,0.0,1.0,0.0,Fox,2020-04-30 08:03:43+00:00,"I rock up to the clinic. There‚Äôs one woman in the line, says she‚Äôs mostly asymptomatic (minor cough) but wants a te‚Ä¶ https://t.co/s8T6vOD0kw"
395,0.0,0.0,1.0,0.0,Fox,2020-04-30 08:03:42+00:00,"I look up the information for where to get tested near my house. There‚Äôs a hospital within a 7min tram ride.

Find‚Ä¶ https://t.co/KnF9DUJrMs"
396,0.0,0.0,1.0,0.0,Fox,2020-04-30 08:03:42+00:00,"While she did say that it‚Äôs unlikely it would be coronavirus, she also pointed out that she can‚Äôt let me come to th‚Ä¶ https://t.co/xzGUjbMcOw"
397,-0.25,0.096,0.846,0.058,Fox,2020-04-30 08:03:41+00:00,I did develop a sore throat &amp; a bit of sneezing. A feeling similar to countless tonsil infections I‚Äôve had in the p‚Ä¶ https://t.co/o3YWGwzkLE
398,-0.4019,0.119,0.881,0.0,Fox,2020-04-30 08:03:41+00:00,"Me &amp; my partner been living in isolation since March 15. Not seeing anyone, only leaving the house for socially-dis‚Ä¶ https://t.co/V3yc3IewPZ"
399,0.2732,0.0,0.884,0.116,Fox,2020-04-30 08:03:41+00:00,"How does it work to get tested for #COVID19 in Australia? Well, I did it today.

üßµ"
400,0.0,0.0,1.0,0.0,nytimes,2020-05-18 17:50:06+00:00,Some publishers have said the coming wave of books about the coronavirus reminds them of the barrage of books about‚Ä¶ https://t.co/fJoSc14dXz
401,0.0,0.0,1.0,0.0,nytimes,2020-05-18 17:30:10+00:00,"The German government is allowing farmers to airlift workers from Romania and Bulgaria, prompting concerns that the‚Ä¶ https://t.co/0qL1JOmfXB"
402,-0.4588,0.149,0.785,0.066,nytimes,2020-05-18 17:05:45+00:00,One 24-year-old is realizing how many questions he wishes he'd asked his mother before she died in an ambulance. An‚Ä¶ https://t.co/KGeWkOYeLy
403,0.296,0.0,0.872,0.128,nytimes,2020-05-18 17:05:24+00:00,RT @nytopinion: Join columnist @JenSeniorNY for a conversation about why the office is underrated. https://t.co/cSn2xC6P5Z https://t.co/lwQ‚Ä¶
404,0.0,0.0,1.0,0.0,nytimes,2020-05-18 17:00:09+00:00,"Garrison Keillor‚Äôs sold-out cruise was to set sail in March. It was canceled because of the coronavirus, leaving lo‚Ä¶ https://t.co/8fOrGMOGBb"
405,0.3182,0.0,0.887,0.113,nytimes,2020-05-18 16:40:08+00:00,The South Korean soccer club FC Seoul apologized after what it believed were ordinary mannequins ‚Äî quickly recogniz‚Ä¶ https://t.co/ifTgwwY5AM
406,-0.4939,0.304,0.58,0.116,nytimes,2020-05-18 16:20:06+00:00,"In Opinion

""Capitalism isn‚Äôt broken. The game isn‚Äôt rigged. Hard work does pay off. Workers do enjoy the fruits of‚Ä¶ https://t.co/XXZ8yEBDxI"
407,0.4215,0.0,0.877,0.123,nytimes,2020-05-18 16:00:12+00:00,Tens of thousands of people across the United States have applied for the job of cold-calling strangers who may hav‚Ä¶ https://t.co/BysrppZY15
408,-0.128,0.088,0.842,0.07,nytimes,2020-05-18 15:47:47+00:00,"RT @andrewrsorkin: In today‚Äôs @dealbook:

ü•µ Softbank‚Äôs Vision Fund is a mess

ü§î ‚ÄòIt may take awhile‚Äô: Jay Powell, Fed chair, on economic re‚Ä¶"
409,0.3612,0.072,0.797,0.131,nytimes,2020-05-18 15:40:05+00:00,"In Germany, soccer returned with games in empty arenas, forcing a nation of fans to cheer their clubs from afar. A‚Ä¶ https://t.co/erij1WhdnN"
410,0.0,0.0,1.0,0.0,nytimes,2020-05-18 15:34:30+00:00,"New York City is expected to meet the state‚Äôs criteria to begin reopening in the first half of June, Mayor Bill de‚Ä¶ https://t.co/fRKwTFXrdd"
411,-0.2617,0.085,0.915,0.0,nytimes,2020-05-18 15:20:06+00:00,"On May 18, 1980, Mount St. Helens erupted not from its peak but from its side. The singular ferocity and unusual di‚Ä¶ https://t.co/vU2Xlu6tS2"
412,0.7906,0.0,0.731,0.269,nytimes,2020-05-18 15:10:02+00:00,"These are not, on the surface, joyful times. Which is why you deserve relief. 

We asked 14 writers what‚Äôs bringing‚Ä¶ https://t.co/BBmYDm7EG4"
413,0.25,0.077,0.806,0.117,nytimes,2020-05-18 15:00:11+00:00,An inside look at the engines that propel the funny cars of drag racing from zero to you-can‚Äôt-be-serious in 4 seco‚Ä¶ https://t.co/N9cx58FprD
414,-0.7506,0.274,0.726,0.0,nytimes,2020-05-18 14:40:01+00:00,"Republican officials seek to recruit 50,000 poll watchers and spend millions to fight voter fraud. Democrats say th‚Ä¶ https://t.co/iyRHfavx5e"
415,-0.296,0.241,0.588,0.171,nytimes,2020-05-18 14:23:03+00:00,RT @astrzemien: These are the worst of times. Here's something better. https://t.co/Dnrt7fme7c
416,0.7227,0.0,0.768,0.232,nytimes,2020-05-18 14:20:06+00:00,"""It‚Äôs not too often that we get this opportunity to explore the true impacts that human activity can have on road-c‚Ä¶ https://t.co/Af0f2JXp99"
417,0.4019,0.0,0.881,0.119,nytimes,2020-05-18 14:00:06+00:00,The S&amp;P 500 rose nearly 3 percent as the drug maker Moderna reported promising results in an early coronavirus vacc‚Ä¶ https://t.co/1gL0pFM2rv
418,0.0,0.0,1.0,0.0,nytimes,2020-05-18 13:45:00+00:00,Breaking News: Federal investigators found evidence linking Al Qaeda to last year‚Äôs deadly shooting by a Saudi cade‚Ä¶ https://t.co/4a999GDL8s
419,-0.4215,0.135,0.865,0.0,nytimes,2020-05-18 13:40:07+00:00,Black and Latino business owners in the U.S. are struggling to get government assistance under the Paycheck Protect‚Ä¶ https://t.co/DovWEC8E2b
420,0.5574,0.0,0.87,0.13,nytimes,2020-05-18 13:30:05+00:00,"RT @mschwirtz: For many young doctors, especially black ones, Dr. James Mahoney was a hero. As the pandemic hit New York, he could have bow‚Ä¶"
421,0.4767,0.0,0.86,0.14,nytimes,2020-05-18 13:20:05+00:00,Congress is debating how much to spend on economic relief. Every plan will require borrowing money the U.S. doesn‚Äôt‚Ä¶ https://t.co/vvmP7k523j
422,-0.296,0.099,0.901,0.0,nytimes,2020-05-18 13:13:49+00:00,"There is no proven treatment or vaccine against the coronavirus at this time. Dozens of companies in the U.S., Euro‚Ä¶ https://t.co/8XMjv9avy5"
423,0.3182,0.074,0.788,0.138,nytimes,2020-05-18 13:00:17+00:00,Pacific Gas &amp; Electric said that thousands of homeowners and businesses had overwhelmingly approved a $13.5 billion‚Ä¶ https://t.co/huk4NrPc4X
424,0.6597,0.0,0.759,0.241,nytimes,2020-05-18 13:00:00+00:00,"Breaking News: The drug maker Moderna released promising, early results for a coronavirus vaccine in 8 healthy peop‚Ä¶ https://t.co/a5pHOCMbsV"
425,0.1531,0.081,0.814,0.105,nytimes,2020-05-18 12:36:27+00:00,"""He saw another human being in need, and he didn‚Äôt hesitate to help.""

After nearly 40 years as a physician, Dr. Ja‚Ä¶ https://t.co/6RFEDwNGrh"
426,0.2263,0.087,0.747,0.166,nytimes,2020-05-18 12:20:03+00:00,We interviewed 59 Democratic delegates who will help nominate Joe Biden. Most said they don‚Äôt want to risk their he‚Ä¶ https://t.co/hEv4Ss4tQz
427,0.4215,0.0,0.877,0.123,nytimes,2020-05-18 12:00:14+00:00,"The coronavirus outbreak in the United States may spread to new areas with high rates of diabetes, obesity and othe‚Ä¶ https://t.co/4rilBXoSJf"
428,0.0,0.0,1.0,0.0,nytimes,2020-05-18 11:50:08+00:00,"For today, May 18, here‚Äôs how to follow the latest on the coronavirus outbreak. 

üåé Live updates from around the wo‚Ä¶ https://t.co/tJXOMOyYq4"
429,0.3384,0.0,0.902,0.098,nytimes,2020-05-18 11:46:44+00:00,"RT @SquigglyVolcano: 40 years ago today, a lethal sideways explosion at Mount St Helens released 8 times more energy than all the explosive‚Ä¶"
430,-0.128,0.081,0.919,0.0,nytimes,2020-05-18 11:40:05+00:00,Governors across the U.S. are trying to strike a balance as they consider loosening coronavirus restrictions. ‚ÄúThis‚Ä¶ https://t.co/8JUBsJFqT2
431,0.0,0.0,1.0,0.0,nytimes,2020-05-18 11:20:00+00:00,Morning briefing: Here's what you need to know to start your day https://t.co/oF4J4v5NTv
432,-0.3716,0.151,0.849,0.0,nytimes,2020-05-18 11:02:04+00:00,"Officially, the police in Brazil are allowed to use lethal force only to confront an imminent threat. But a New Yor‚Ä¶ https://t.co/x2SYW9T23R"
433,0.0,0.0,1.0,0.0,nytimes,2020-05-18 10:40:04+00:00,"Dining rooms are reopening in many U.S. states, but that doesn‚Äôt mean you should go. Before you decide, public heal‚Ä¶ https://t.co/VfeCzP27eX"
434,0.0,0.0,1.0,0.0,nytimes,2020-05-18 10:20:02+00:00,"For 2 months this spring, the photographer @philip_nyc was on assignment for @NYTmag, documenting the unfolding cor‚Ä¶ https://t.co/PLG49wdgXO"
435,0.0,0.0,1.0,0.0,nytimes,2020-05-18 10:00:10+00:00,"Monitor lizards, believed to be invasive species on some Pacific islands, got there long before humans, a new study‚Ä¶ https://t.co/w1bMhbz1Tf"
436,-0.128,0.067,0.933,0.0,nytimes,2020-05-18 09:40:04+00:00,"In Opinion

Anna Sauerbrey writes, ""Germany is learning a tough lesson: The way out is much harder than the way in.‚Ä¶ https://t.co/AKAjqcHDWy"
437,0.4588,0.0,0.864,0.136,nytimes,2020-05-18 09:20:02+00:00,"A luxury hotel in Barcelona plans to welcome guests again once Spain‚Äôs lockdown ends. Until then, its sole occupant‚Ä¶ https://t.co/3TUXLsZA3f"
438,0.0,0.0,1.0,0.0,nytimes,2020-05-18 09:00:08+00:00,Dozens of babies born into Ukraine‚Äôs booming surrogate motherhood business have become marooned in the country as t‚Ä¶ https://t.co/fGVH7F9ITi
439,0.5106,0.0,0.788,0.212,nytimes,2020-05-18 08:40:05+00:00,"When President Emmanuel Macron repeatedly declared ‚Äúwar‚Äù on the coronavirus in March, he solemnly promised that Fra‚Ä¶ https://t.co/ZHZJ19nTpF"
440,0.0,0.0,1.0,0.0,nytimes,2020-05-18 08:20:05+00:00,"The gravediggers of Kano, Nigeria, one of the biggest cities in West Africa, say they are working overtime. And so‚Ä¶ https://t.co/PRWBsry338"
441,-0.4019,0.101,0.899,0.0,nytimes,2020-05-18 08:10:06+00:00,"RT @RorySmith: Without the spectacle and the colour and the noise of fans, football seems to lose its meaning. You watch it and, at first,‚Ä¶"
442,0.0,0.0,1.0,0.0,nytimes,2020-05-18 08:00:06+00:00,"With nearly 1,000 illustrations, Aby Warburg‚Äôs radical form of visual study is also an artwork itself. Now you can‚Ä¶ https://t.co/WGnjseAjvX"
443,0.0772,0.104,0.779,0.117,nytimes,2020-05-18 07:40:02+00:00,"Moses Sumney and Perfume Genius: complex voices of desire. @JonPareles reviews ""Grae"" and ""Set My Heart on Fire Imm‚Ä¶ https://t.co/wtdmkXpeed"
444,0.4767,0.08,0.757,0.163,nytimes,2020-05-18 07:20:04+00:00,RT @RaphaelMinder: Living and working alone for two months in Barcelona's hotel Vela is a surreal self-isolating experience. Great views fr‚Ä¶
445,-0.6428,0.226,0.774,0.0,nytimes,2020-05-18 07:10:06+00:00,"RT @aurelienbrd: President @EmmanuelMacron said #France was at war with the coronavirus. But years of cuts, outsourcing and policy flip-flo‚Ä¶"
446,0.0,0.0,1.0,0.0,nytimes,2020-05-18 07:00:06+00:00,Europe morning briefing: Here's what you need to know to start your day https://t.co/i0zwCChGTL
447,0.0,0.0,1.0,0.0,nytimes,2020-05-18 06:40:04+00:00,"It takes roughly 4,000 flowers to make one ounce of saffron powder ‚Äî which means there‚Äôs a staggering amount of lab‚Ä¶ https://t.co/sO9rRQmyHE"
448,0.0,0.0,1.0,0.0,nytimes,2020-05-18 06:30:04+00:00,"RT @nytmay: Starry Lee, a pro-Beijing lawmaker, was elected chairwoman of a key policy committee in Hong Kong after many pro-democracy poli‚Ä¶"
449,0.7178,0.0,0.76,0.24,nytimes,2020-05-18 06:20:06+00:00,"In Opinion

Dave Isay writes, ‚ÄúThere has never been a more important time to connect meaningfully with our loved on‚Ä¶ https://t.co/xCO2d3LyWs"
450,-0.6124,0.227,0.773,0.0,nytimes,2020-05-18 06:00:05+00:00,"Afghanistan‚Äôs monthslong election dispute, which resulted in the bizarre reality of two men taking the oath of offi‚Ä¶ https://t.co/WKNNUOOP33"
451,0.0,0.0,1.0,0.0,nytimes,2020-05-18 05:40:05+00:00,Scuffles erupted Monday between lawmakers in Hong Kong as they debated the leadership of a committee that would con‚Ä¶ https://t.co/deJXqUriDu
452,0.2263,0.0,0.909,0.091,nytimes,2020-05-18 05:20:04+00:00,"Apple plans to reopen several stores this week in the United States, Canada and Italy, but will require distancing‚Ä¶ https://t.co/rML4dVC8eX"
453,0.4767,0.0,0.86,0.14,nytimes,2020-05-18 05:00:07+00:00,"RT @TheSteinLine: Few bigger winners in The Last Dance than Philip Douglas Jackson ‚Ä¶ 

One more time from @NYTSports:  https://t.co/sCVQuea‚Ä¶"
454,-0.25,0.095,0.905,0.0,nytimes,2020-05-18 04:40:05+00:00,"SoftBank Group said that Jack Ma, the co-founder of Alibaba, has resigned from its board. The announcement came jus‚Ä¶ https://t.co/yBdZK4bNaB"
455,0.0,0.0,1.0,0.0,nytimes,2020-05-18 04:20:34+00:00,Read updates in Chinese:¬†Êñ∞ÂÜ†ÁóÖÊØíÁñ´ÊÉÖÊúÄÊñ∞Ê∂àÊÅØ https://t.co/VBxhSdLmTF
456,-0.34,0.112,0.888,0.0,nytimes,2020-05-18 04:20:03+00:00,"‚ÄîThe U.S. and other nations might use Monday‚Äôs World Health Organization meeting to place blame on China
‚ÄîJapan fel‚Ä¶ https://t.co/x9ROXUfTtg"
457,-0.4215,0.259,0.741,0.0,nytimes,2020-05-18 04:00:04+00:00,Start with your socks. But why stop there? https://t.co/9JMqVAKQ3U
458,0.2023,0.0,0.921,0.079,nytimes,2020-05-18 03:40:07+00:00,"Take a look at the lives and careers of Amy Winehouse, Quincy Jones, Nina Simone, Taylor Swift and others with thes‚Ä¶ https://t.co/qRFqP5xn5A"
459,0.0,0.0,1.0,0.0,nytimes,2020-05-18 03:20:05+00:00,"Before New York became the city that never sleeps, Manhattan was a lush forested island filled with wildlife. Our a‚Ä¶ https://t.co/iUtBx7k9Iu"
460,0.0,0.0,1.0,0.0,nytimes,2020-05-18 03:00:13+00:00,"Canned cocktails were already on an upswing in recent years, but now sales are booming https://t.co/c0R4PqluxR"
461,0.0,0.0,1.0,0.0,nytimes,2020-05-18 02:40:05+00:00,"When the coronavirus shut the Metropolitan Opera‚Äôs doors, 8 weeks of the season vanished. We asked some of the sing‚Ä¶ https://t.co/hsHSPIU2WU"
462,-0.34,0.098,0.902,0.0,nytimes,2020-05-18 02:10:06+00:00,A fire that began in a Harlem furniture store appears to have also consumed one of the oldest stores on 125th Stree‚Ä¶ https://t.co/7z5undXHYD
463,0.0,0.0,1.0,0.0,nytimes,2020-05-18 02:00:04+00:00,"There are nearly 30 games scheduled for neutral sites in the coming college football season. Financially, it might‚Ä¶ https://t.co/icImtKQhGW"
464,-0.3417,0.173,0.743,0.084,nytimes,2020-05-18 01:40:08+00:00,"""She worked so hard and then through no fault of her own is brought right back to the source of her trauma."" https://t.co/72rkPgna4F"
465,-0.2449,0.083,0.917,0.0,nytimes,2020-05-18 01:20:02+00:00,"""It felt normal to have him gone, so it‚Äôs weird that he‚Äôs back,"" said Zeca, 15, whose brother came home from colleg‚Ä¶ https://t.co/tkSEFJre7R"
466,0.0,0.0,1.0,0.0,nytimes,2020-05-18 01:10:02+00:00,"RT @scottreinhard: Where'd everyone go? @Azi Paybarah, Matthew Bloch (@grammata), and I looked at where New Yorkers have moved to since the‚Ä¶"
467,-0.3182,0.133,0.867,0.0,nytimes,2020-05-18 00:50:06+00:00,"Accusations that Secretary of State Mike Pompeo improperly used government resources, including asking diplomatic s‚Ä¶ https://t.co/NYfiznysTm"
468,0.0,0.0,1.0,0.0,nytimes,2020-05-18 00:30:03+00:00,RT @noamscheiber: Workplace experts say employers should get rid of toxic superstars. They should watch the Michael Jordan documentary and‚Ä¶
469,0.5859,0.074,0.697,0.23,nytimes,2020-05-18 00:20:07+00:00,"Manhattan's Guggenheim Museum is pretty empty these days, except for some security guards. And the guy who takes ca‚Ä¶ https://t.co/GjyxfffMwe"
470,-0.0516,0.125,0.759,0.116,nytimes,2020-05-18 00:15:03+00:00,Japan has become the world‚Äôs largest economy to formally fall into recession as the coronavirus slams global growth https://t.co/3rMPa6KktI
471,0.0,0.0,1.0,0.0,nytimes,2020-05-18 00:05:04+00:00,Ronan Farrow has uncovered wrongdoing and is perhaps the most famous investigative journalist in America. But our m‚Ä¶ https://t.co/ci73ZfJghi
472,0.0,0.0,1.0,0.0,nytimes,2020-05-18 00:00:09+00:00,"The coronavirus has been slower to take hold in Africa than on other continents, according to the numbers released‚Ä¶ https://t.co/aCDf7QUh0K"
473,0.0,0.0,1.0,0.0,nytimes,2020-05-17 23:50:03+00:00,"Prosecutors said 2 Kansas City, Missouri, officers slammed Breona Hill to the sidewalk and kneed her in the face, t‚Ä¶ https://t.co/4WYdjBWEUZ"
474,-0.4215,0.141,0.859,0.0,nytimes,2020-05-17 23:40:04+00:00,"‚ÄúWe can‚Äôt function without fans.‚Äù Cirque du Soleil, struggling before the pandemic, has temporarily laid off nearly‚Ä¶ https://t.co/mHbrRv2SWd"
475,0.4939,0.0,0.849,0.151,nytimes,2020-05-17 23:27:02+00:00,"A Canadian military jet crashed during a flyover to honor coronavirus workers, hitting a house in Kamloops, British‚Ä¶ https://t.co/XLtBT0Zh8a"
476,0.3612,0.0,0.872,0.128,nytimes,2020-05-17 23:10:03+00:00,Still wondering what a coronavirus test is like? Watch Gov. Andrew Cuomo get swabbed on live TV.‚Ä¶ https://t.co/NweUOd0yWx
477,0.3612,0.0,0.857,0.143,nytimes,2020-05-17 23:00:23+00:00,"Grab a fork and dip these hot potatoes in both sauces for the optimal experience
https://t.co/YCj0Q93qzw"
478,-0.101,0.134,0.746,0.119,nytimes,2020-05-17 22:50:05+00:00,RT @caityweaver: My final Work Friend column (in print today) discusses a letter never published. It was very stressful trying to untangle‚Ä¶
479,0.5719,0.0,0.734,0.266,nytimes,2020-05-17 22:40:02+00:00,13 sailors aboard the coronavirus-stricken aircraft carrier Theodore Roosevelt have retested positive for Covid-19‚Ä¶ https://t.co/ntqx1oZuzD
480,0.296,0.0,0.901,0.099,nytimes,2020-05-17 22:20:07+00:00,"RT @MWilsonNYT: The coronavirus has transformed the experience of driving in NYC, creating something altogether new: open road, miles and m‚Ä¶"
481,0.1366,0.155,0.707,0.138,nytimes,2020-05-17 22:00:18+00:00,Experts say a difficult superstar is rarely worth the cost to workplace morale. So did the wild success of the Mich‚Ä¶ https://t.co/VxTHnvg7VD
482,0.0,0.0,1.0,0.0,nytimes,2020-05-17 21:40:03+00:00,"RT @halbfinger: ‚ÄúJobs, jobs, jobs.‚Äù Netanyahu says his new government will focus on reviving the Israeli economy while preparing for the pa‚Ä¶"
483,0.0,0.0,1.0,0.0,nytimes,2020-05-17 21:30:10+00:00,"A writer‚Äôs window, a grandmother‚Äôs diary and a believer‚Äôs superstition: Here are 3 letters of recommendation to hel‚Ä¶ https://t.co/ySecTCfOh6"
484,0.0,0.0,1.0,0.0,nytimes,2020-05-17 21:15:19+00:00,"Many New Yorkers who fled their homes in the city moved to nearby areas in Long Island, New Jersey and upstate New‚Ä¶ https://t.co/j4gv5ig2jr"
485,0.3612,0.0,0.848,0.152,nytimes,2020-05-17 21:14:14+00:00,"After Manhattan, Brooklyn had the second-most mail-forwarding requests, concentrated in neighborhoods like Dumbo an‚Ä¶ https://t.co/zt2uSfOYpO"
486,-0.4588,0.15,0.85,0.0,nytimes,2020-05-17 21:12:33+00:00,Those mail-forwarding requests show some New Yorkers abandoned the Upper West Side for Miami. Others left Gramercy‚Ä¶ https://t.co/DIsTLeTiBQ
487,0.0,0.0,1.0,0.0,nytimes,2020-05-17 21:11:35+00:00,"In March, the U.S. Post Office received 56,000 mail-forwarding requests from New York City, more than double the mo‚Ä¶ https://t.co/zdu1Cw7qq0"
488,-0.1779,0.075,0.925,0.0,nytimes,2020-05-17 21:10:05+00:00,"Starting in March, as the coronavirus outbreak in New York began, parts of the city emptied out ‚Äî especially the we‚Ä¶ https://t.co/88UxnBRPHc"
489,0.4019,0.0,0.886,0.114,nytimes,2020-05-17 21:00:03+00:00,"Jack McMorrow, 14, was previously healthy. Then, one morning, he awoke unable to move ‚Äî and ended up in the hospita‚Ä¶ https://t.co/ifGnG353LZ"
490,-0.4623,0.248,0.672,0.079,nytimes,2020-05-17 20:50:02+00:00,"No gridlock, no rush hour: New York City‚Äôs streets are unsettlingly empty, with almost no traffic. See what driving‚Ä¶ https://t.co/IysWv4rkXT"
491,0.7184,0.0,0.806,0.194,nytimes,2020-05-17 20:40:01+00:00,"Is it safe to meet friends in the park, as long as they stay six feet away, on the other side of a blanket? What ab‚Ä¶ https://t.co/9WQrrdBRRK"
492,-0.5267,0.198,0.729,0.073,nytimes,2020-05-17 20:30:04+00:00,"50 years ago, construction workers violently disrupted an antiwar demonstration in Manhattan‚Äôs financial district b‚Ä¶ https://t.co/EWbHFC9BSN"
493,0.3612,0.0,0.902,0.098,nytimes,2020-05-17 20:10:05+00:00,"RT @cliffordlevy: New Yorkers, many of them wealthy, fled the city when the outbreak hit.
Where did they go? Here's what we know.
https://t‚Ä¶"
494,0.0,0.0,1.0,0.0,nytimes,2020-05-17 20:00:03+00:00,Daniel Ordo√±ez has an entire luxury waterfront hotel in Barcelona to himself ‚Äî he lives on the 24th floor ‚Äî because‚Ä¶ https://t.co/fhVP0EFjuy
495,-0.1531,0.078,0.922,0.0,nytimes,2020-05-17 19:40:04+00:00,"Phyllis George, who was crowned Miss America 1971 and then became a trailblazing sportscaster when she was hired as‚Ä¶ https://t.co/ll1WBUKkXc"
496,0.0,0.0,1.0,0.0,nytimes,2020-05-17 19:30:04+00:00,"Gov. Andrew Cuomo on Sunday urged New Yorkers to get tested for the coronavirus to speed up reopening efforts. ""The‚Ä¶ https://t.co/N65SUqJK8C"
497,0.0,0.0,1.0,0.0,nytimes,2020-05-17 19:20:03+00:00,"RT @nytopinion: This week, we published Chapter 2 in our series on inequality in America, focusing on how cities can awaken from their quar‚Ä¶"
498,0.2732,0.0,0.9,0.1,nytimes,2020-05-17 19:00:10+00:00,U.S. Citizenship and Immigration Services has asked Congress for a $1.2 billion cash infusion as well as fee hikes‚Ä¶ https://t.co/F7kNRfOC64
499,0.0,0.0,1.0,0.0,nytimes,2020-05-17 18:40:04+00:00,"Jerome Powell, the Federal Reserve chairman, said that while he expected the U.S. economy to recover from the downt‚Ä¶ https://t.co/gBEYIzMyUs"
